apply_id;offer_id;candidate_id;status;created_at;updated_at
796bb847;709c42b3;c19333cb;refused_employer;2020-11-09 07:06:23;2020-11-25 13:41:03
df8f96cb;d6916906;0c036547;interviewed;2020-09-28 08:43:15;2021-03-22 09:06:53
fe3df3fa;f7ea7fa8;e75f738a;proposed;2020-04-29 03:14:31;2020-09-23 11:28:13
f0f9ca67;08aeecca;6a9c9582;transmited;2020-08-29 05:59:20;2020-12-18 17:22:51
19ceec91;01688b78;a8047e7e;proposed;2020-09-17 14:38:17;2020-10-30 20:26:08
c80d74b4;4fa3a6cc;267c731c;refused_employer;2020-09-18 11:40:10;2020-10-30 08:08:29
940872a0;3c2c653a;b37737cb;proposed;2020-10-20 19:42:52;2021-02-12 11:42:12
eae148ac;efd6ff24;661a3a4b;proposed;2020-08-26 14:58:52;2021-03-05 11:17:42
0f339595;49e5987c;7e319459;interviewed;2020-05-21 02:32:09;2021-03-04 11:13:47
cc8e5e2d;7ae879ec;ae29cf41;proposed;2021-01-05 20:08:16;2021-02-10 08:47:48
c6ae1a11;5a712728;6880f07a;transmited;2020-10-16 01:04:36;2020-10-23 06:25:19
83e158b2;aebb78be;ffcfb194;proposed;2020-07-29 16:17:43;2021-03-25 13:00:15
9e92a712;6c358a8a;e7450ce8;proposed;2020-10-04 23:03:33;2020-12-21 08:50:33
f86d42f8;93908f56;58a0adf4;hired;2020-08-08 05:14:59;2021-03-23 17:14:41
7c565997;147f7f34;7d53d252;refused_employer;2020-05-22 14:09:27;2020-07-25 05:54:03
8ffa3480;6ace310f;4a6218a5;proposed;2020-04-21 08:01:18;2021-03-26 12:32:30
c910937a;80f67823;a8047e7e;proposed;2020-11-23 05:23:33;2020-12-16 21:53:06
d1152a98;937ec068;34a7372d;transmited;2020-06-13 14:42:36;2020-10-07 13:03:22
4569e2ee;fbc3bb36;964080c4;proposed;2020-11-22 22:19:28;2021-03-14 19:31:43
38a0e0f0;0037931b;8c1939ef;refused_employer;2021-01-06 01:46:37;2021-04-03 21:06:11
8476bb62;233a677d;84e479cd;refused_employer;2021-03-07 16:33:01;2021-03-16 16:23:34
fb4e5587;2a84d20a;2a6a66f9;refused_employer;2020-06-24 00:55:21;2020-11-01 07:51:01
968fed8f;3cc223e3;0255d702;proposed;2020-11-02 16:06:06;2021-02-05 18:59:58
735084f1;a584911f;0c036547;transmited;2020-11-14 12:57:47;2021-01-27 06:30:34
8e61088c;222c861d;ffcfb194;refused_employer;2020-09-17 07:11:49;2020-11-06 14:43:02
3e39e70f;33428317;742f334a;interviewed;2020-05-31 08:20:40;2020-09-26 20:49:45
9dcf5bb8;0ac9db8f;6880f07a;transmited;2021-01-25 04:23:24;2021-03-12 01:11:39
2ba26a1a;9bab5f0d;9a610ca7;proposed;2020-05-17 15:06:16;2021-02-24 12:13:41
995024ca;36c1846a;5d66c4d8;interviewed;2021-03-27 20:02:29;2021-04-03 00:35:44
8291f491;3fa249f3;8c1939ef;hired;2020-07-12 23:40:30;2020-10-20 09:43:23
0269a3d4;4ba2194f;32f23bcf;hired;2020-10-08 05:07:00;2021-04-04 01:24:02
5dffeebb;1275dd2b;4720c697;transmited;2020-04-26 16:13:50;2020-07-30 09:42:00
ad91f142;28904c71;8c1939ef;transmited;2020-04-22 10:12:07;2020-06-01 05:30:44
8b7b51f9;8b1740e4;388b6988;refused_employer;2020-06-28 13:17:50;2021-01-23 16:38:12
42584d5e;4b8c047b;ca375140;proposed;2021-03-31 04:31:48;2021-04-04 07:29:56
3aeded0a;7b4ba87d;4ff28829;refused_candidate;2020-05-26 11:46:35;2020-11-16 20:14:49
755f57be;764870a2;68685894;proposed;2021-02-26 00:46:42;2021-03-06 10:26:41
d6c88ff7;f1d9eedd;5d66c4d8;proposed;2020-04-09 21:16:30;2021-01-28 13:28:56
8293e13f;24cae7de;a8047e7e;hired;2021-04-08 09:28:08;2021-04-09 03:04:36
ce041cd3;4ba2194f;e7450ce8;proposed;2021-03-19 16:54:27;2021-03-31 22:53:54
9a0e63ee;46a0c5a7;68685894;proposed;2020-09-11 12:36:27;2021-02-07 21:00:24
666deeee;cb5b71ad;742f334a;transmited;2020-11-08 21:35:24;2021-01-21 17:06:51
e03c615a;36a4ae15;ca375140;refused_employer;2020-11-04 10:31:09;2020-12-25 22:39:46
aad1760a;d052afe4;bfabb816;proposed;2020-06-21 07:14:08;2020-07-14 23:42:55
2578eee3;24fe78ce;ed918fd1;interviewed;2021-03-05 19:43:22;2021-03-07 04:33:42
4e04dada;d22d1462;9723e77e;refused_candidate;2020-12-06 22:14:53;2021-01-07 15:05:14
990b6753;c84121ab;9723e77e;refused_employer;2020-07-31 08:42:59;2020-11-19 05:04:53
4aa6a7d8;79033c3b;889f3076;transmited;2021-01-06 08:14:41;2021-01-14 22:02:16
7e62cc81;b4d414e7;4b4320c0;transmited;2020-05-05 07:11:07;2020-10-16 03:09:41
1958e471;9849fe48;e2b1334b;transmited;2020-11-16 11:08:18;2020-12-27 09:19:48
88855456;d8647eed;32f23bcf;proposed;2021-02-08 01:03:57;2021-02-18 15:17:29
28844eea;d9c7837d;1705b9ce;interviewed;2020-07-10 04:29:37;2020-07-12 21:28:54
9f20f86b;10d08588;3cdd7d2e;interviewed;2020-11-20 14:18:20;2021-04-04 04:18:49
b573f277;990c3741;e75f738a;refused_employer;2020-09-27 20:38:45;2021-01-15 10:53:57
617cb9bb;771ca999;a4c71cfd;proposed;2020-10-29 14:30:08;2020-12-06 15:34:12
ea07e811;2f0ee8db;0ab42c7d;refused_candidate;2020-10-27 16:43:35;2020-12-01 08:31:10
7c072713;5547d296;742f334a;hired;2021-04-09 00:43:23;2021-04-09 05:50:09
42b9f3d3;056289cb;6880f07a;proposed;2020-08-06 05:46:00;2021-01-06 08:21:48
b4eb9e27;4a47d192;a4c71cfd;proposed;2020-06-28 16:55:12;2021-03-24 06:08:19
7dcb6509;bb510c12;45a8072f;refused_employer;2020-08-19 17:40:11;2020-08-22 17:35:24
314cd5a9;5d3cea4b;58a0adf4;proposed;2020-11-15 20:50:40;2021-04-02 19:18:51
003e0fdb;f8e12230;a8047e7e;refused_employer;2020-08-26 13:30:08;2020-10-20 21:07:14
e6fb0d23;f8985c5f;cb4958cb;hired;2020-10-10 00:03:51;2020-11-02 02:28:25
c89c660a;17516a50;88e2b2da;refused_employer;2020-11-14 23:09:50;2021-04-05 10:10:18
e3ac2485;12f59940;b6e717ec;transmited;2020-09-08 04:22:46;2020-11-13 09:36:53
cf7177ce;d9c7837d;d83add35;proposed;2020-10-07 09:51:37;2021-04-06 05:01:22
fb249615;56445256;8155955c;proposed;2021-01-21 13:02:54;2021-04-09 04:59:43
a2cf1830;74c9c199;a11e502c;proposed;2021-01-21 14:39:44;2021-03-12 01:34:23
b1b4eaf3;a61dc8a1;68685894;proposed;2020-05-30 15:08:37;2021-01-19 13:27:30
bccaad3d;74401baa;84e479cd;hired;2020-09-23 05:27:16;2020-11-18 02:33:51
d152c514;7273bdc0;4b4320c0;refused_employer;2020-07-23 19:06:59;2020-11-03 22:11:38
9c905325;5ec0e158;ca375140;interviewed;2020-08-11 18:54:01;2021-02-05 07:33:33
b67fd5aa;0af4c085;388b6988;proposed;2020-04-11 04:25:41;2020-05-28 14:44:19
cb6869c8;0fb44d2e;b4d98d31;hired;2020-12-10 04:01:26;2021-03-20 00:08:01
a1640382;93db8e86;6880f07a;transmited;2020-11-10 06:25:37;2021-02-22 09:29:45
6e3783ea;ccfc1428;5ce8ff31;interviewed;2020-05-04 23:35:01;2020-06-01 14:05:34
8d2822be;5ec0e158;e7450ce8;proposed;2021-03-02 20:56:26;2021-03-20 19:44:42
387fca5e;f1d9eedd;32f23bcf;proposed;2020-08-15 04:25:49;2020-12-29 19:05:12
4c5d0d53;27e87f0d;e16fa1bb;hired;2020-07-20 18:56:28;2021-04-07 07:32:57
e30fb59f;cbfde0e1;a11e502c;transmited;2020-08-12 00:17:03;2020-11-22 19:10:30
0c885662;bb198f7d;4a6218a5;transmited;2021-02-14 23:50:31;2021-03-16 17:34:31
894b6579;910ccd96;683c8cfb;proposed;2021-01-31 01:01:04;2021-03-29 02:04:17
381354b7;90a56a86;a26a24bd;interviewed;2020-07-25 04:21:49;2020-09-02 05:03:22
a28291ae;e491b616;da2035e3;interviewed;2020-11-21 17:03:28;2021-03-08 13:41:42
cf586cd7;cb55b1d3;5652a0a6;refused_candidate;2020-10-06 23:31:38;2020-11-26 14:40:59
d91dd174;d375c87a;d457c672;proposed;2020-08-07 06:59:59;2020-10-07 18:59:37
f29b3900;8729c6f5;742f334a;refused_candidate;2020-05-22 19:10:57;2020-07-31 22:55:45
1d18a3bd;5b8d80b5;267c731c;transmited;2021-02-10 06:43:52;2021-03-27 09:22:38
f97a3d5c;cbfde0e1;889f3076;refused_employer;2020-09-04 17:40:56;2020-09-14 13:19:42
1153061d;59bbbe31;889f3076;proposed;2021-01-23 09:31:35;2021-02-14 11:30:10
05875bf3;cb4ea1c0;5652a0a6;proposed;2020-05-21 02:51:35;2020-12-12 12:57:42
ecfeafaa;c01d0f47;3849242a;refused_employer;2020-06-22 23:55:36;2020-11-17 20:16:32
13be9c3e;fa975fd7;c19333cb;proposed;2020-11-15 22:48:42;2021-03-30 06:24:59
80387987;96068542;5652a0a6;refused_employer;2020-11-10 10:49:23;2021-02-08 17:18:36
51398967;6555d0a7;9a610ca7;hired;2020-05-06 08:34:33;2020-06-21 08:00:42
8669d051;d7a5e75f;f7e3f1da;proposed;2020-11-13 07:08:48;2021-02-13 04:46:50
a26320da;f4f32dac;5ce8ff31;proposed;2020-12-04 09:07:15;2021-02-22 19:19:52
b90e192c;184f8424;683c8cfb;interviewed;2020-08-01 02:41:09;2020-10-25 19:39:21
de755bdf;bf943b5a;0d19e75d;proposed;2020-11-07 14:41:09;2021-03-21 01:30:27
86818593;0573b00f;ed918fd1;transmited;2020-08-12 21:29:06;2020-10-07 14:10:55
40ed866a;cf87b697;b4d98d31;refused_candidate;2020-05-27 01:14:39;2021-01-26 13:52:14
5e250a63;6c129976;a85f1c6f;proposed;2020-12-31 21:11:33;2021-03-05 11:11:59
997c8d03;10c80a4e;661a3a4b;interviewed;2021-02-15 18:24:05;2021-03-15 18:35:53
97769f00;75186632;8a2d0f5f;refused_employer;2020-12-27 11:22:38;2021-01-18 03:25:32
c9382196;e02ac2e9;185aee09;proposed;2021-01-19 02:05:41;2021-03-24 09:16:44
cdbe09a6;9c0d9f06;e2b1334b;proposed;2020-09-22 23:02:16;2021-01-25 01:38:41
4cd5f3ce;a51fdda5;5f82f2e0;refused_employer;2020-07-11 15:33:26;2020-07-23 15:05:02
ff85b88d;88902a35;9f476412;proposed;2020-06-06 17:15:38;2021-02-03 09:58:41
09f53983;09f471e5;0ce2cf79;proposed;2020-09-18 10:01:11;2020-11-16 17:46:47
7813d3e7;26f0e3fa;0ff4a6fc;hired;2021-02-10 10:24:41;2021-02-22 21:13:11
2c3ef8cc;df6bbbd9;75559dc1;proposed;2020-08-05 06:48:24;2021-03-09 13:35:02
3aa6b5a4;361a4c9f;88e2b2da;proposed;2021-03-25 00:57:02;2021-03-27 07:50:16
1501c9af;0037931b;f28b67cf;hired;2021-02-06 04:24:26;2021-03-15 10:31:27
5b143269;9b40d51e;8c1939ef;proposed;2020-11-21 06:55:54;2021-02-05 22:36:14
e0a098d2;4c5d69eb;0ff4a6fc;interviewed;2021-04-02 18:19:20;2021-04-03 03:30:36
0108a08d;783f7479;6a9c9582;interviewed;2020-11-27 14:19:07;2021-04-02 08:38:11
ba7bb486;30e74aa2;5d66c4d8;interviewed;2021-03-26 05:57:49;2021-03-28 09:02:26
537dab60;4fe4ae1a;b4d98d31;proposed;2020-07-18 03:25:56;2020-11-25 10:54:49
ef4a7359;8375a6f8;f1e784fe;proposed;2020-06-05 15:49:53;2020-11-07 17:41:20
4179edca;405987c8;5343d403;transmited;2020-06-25 09:26:48;2020-06-25 23:46:06
e749e51e;5a7311f0;bfabb816;proposed;2020-09-26 22:59:17;2020-11-19 20:54:01
13967b81;af88085a;4720c697;hired;2020-05-16 13:51:49;2020-10-12 09:38:10
67d8d291;723902f4;7d53d252;proposed;2020-09-28 16:18:04;2021-01-21 14:48:47
2f6c05a4;543719d5;678b52a5;transmited;2020-11-21 06:22:34;2021-02-23 19:12:43
aae8a296;8abb6909;cb4958cb;refused_employer;2021-01-08 05:00:50;2021-03-04 14:49:32
b6c5a9a0;4c9bb65f;a8047e7e;interviewed;2020-07-31 23:51:09;2020-12-05 03:24:52
96d25b60;d4e2d64b;b6e717ec;proposed;2020-12-15 17:21:54;2021-01-11 12:48:36
c58589fa;f4f32dac;02b20fe6;refused_employer;2021-02-24 20:40:43;2021-03-21 06:12:50
d9491232;bcb10c80;c19333cb;refused_candidate;2020-09-02 10:18:31;2021-03-05 23:32:51
3abd9c7c;cc794890;388b6988;proposed;2021-03-27 00:21:40;2021-04-05 05:08:49
23a4f670;5547d296;43938375;proposed;2020-07-16 21:49:29;2020-07-18 20:06:01
66b9e68e;10d08588;cee22143;proposed;2020-05-08 16:39:44;2020-07-30 16:06:58
3b22b238;6046f557;5343d403;refused_candidate;2021-02-12 08:12:10;2021-03-12 10:06:19
3510c393;d375c87a;9f476412;proposed;2020-04-12 15:23:39;2021-03-20 19:21:12
ac76fcee;d4c57f85;a85f1c6f;proposed;2021-03-31 09:30:58;2021-04-05 02:21:25
b1236137;67185198;4a6218a5;interviewed;2020-12-05 18:28:19;2021-03-06 18:36:46
cd92632f;a58550b4;6880f07a;refused_candidate;2020-07-13 04:39:30;2020-08-09 19:44:23
31ae96c1;97a652ac;84e479cd;interviewed;2020-06-01 17:27:38;2020-07-25 17:31:58
7786dc55;cc29758c;d457c672;proposed;2021-03-31 11:16:09;2021-04-08 20:36:45
e3999a44;6ecfad26;4a6218a5;interviewed;2021-01-29 01:37:42;2021-02-24 22:49:06
419c5d09;00abb693;4b4320c0;proposed;2021-02-17 15:15:19;2021-03-27 10:49:49
72357f82;12f59940;661a3a4b;interviewed;2020-06-08 23:27:25;2020-11-17 15:27:57
f4ac3b92;4fa3a6cc;9f476412;transmited;2020-09-26 21:39:30;2021-02-23 11:34:46
3ef70191;ad46837e;e2b1334b;proposed;2020-10-10 05:39:12;2021-04-04 16:11:16
ef6c95a5;d87505ae;02b20fe6;refused_employer;2020-06-23 02:56:08;2021-04-02 02:00:10
ed25159f;83a2242a;6880f07a;transmited;2021-03-21 01:02:33;2021-04-04 18:24:19
a606df9c;c84121ab;4a6218a5;proposed;2021-02-18 04:44:00;2021-03-05 06:53:12
627bee5c;bf943b5a;88e2b2da;proposed;2020-10-01 02:00:50;2020-12-16 16:50:56
8b3029c8;3fa4f883;678b52a5;proposed;2020-04-24 10:48:18;2020-04-27 20:47:20
c695a035;bf943b5a;32f23bcf;transmited;2020-09-26 12:44:29;2020-10-18 11:23:33
ad816ce3;869085b5;a26a24bd;proposed;2020-11-21 19:47:36;2021-01-25 17:03:13
542f9e11;2d4b46ff;3484b71f;interviewed;2021-01-30 05:50:52;2021-02-28 21:42:51
2076d1b0;9344f435;1801e5b8;proposed;2020-08-04 01:00:22;2020-08-17 09:42:59
f707dec4;413e9cde;ed918fd1;transmited;2021-01-14 20:22:06;2021-03-06 04:15:46
ffe61f44;ec8b5428;cee22143;proposed;2021-01-04 21:58:07;2021-03-14 22:00:52
0153088e;76230d39;58175e7c;hired;2020-08-10 21:00:47;2020-08-30 22:40:15
c146c78d;11042c2c;260a4caf;transmited;2021-01-26 18:10:04;2021-04-03 01:04:57
28aca039;8abb6909;513578d5;proposed;2021-01-16 06:56:18;2021-02-12 00:01:42
04d749c4;6c129976;3849242a;refused_candidate;2020-09-30 12:45:52;2021-02-15 17:55:42
8c59fa22;11170e28;12e15c9e;transmited;2020-07-16 23:38:27;2021-01-19 16:10:51
0af8ae1c;3c2c653a;da2035e3;proposed;2021-01-15 23:54:35;2021-02-23 15:35:26
014821a7;0c70d85c;889f3076;proposed;2021-01-10 16:20:35;2021-03-25 03:25:47
37da5edc;222c861d;88e2b2da;transmited;2020-05-27 18:15:01;2021-01-18 09:47:36
00d0164f;8cd5696a;f1e784fe;transmited;2020-09-25 15:53:03;2021-01-04 12:19:04
7f367a7c;4c3e3e6d;9b4601fa;proposed;2020-11-29 03:54:36;2020-12-25 03:13:56
2cb2b51a;3ba989f9;0c036547;proposed;2020-06-02 13:20:44;2020-07-01 12:48:22
ec200544;3fa249f3;b328a551;proposed;2021-02-14 08:03:38;2021-03-05 23:26:45
09b5076f;5623f739;02b20fe6;interviewed;2021-02-24 08:05:40;2021-02-25 07:02:14
fc81dfcf;44a3410c;8c1939ef;proposed;2020-08-12 15:21:07;2020-10-20 23:03:22
625b2bbe;a6cc0be1;a26a24bd;interviewed;2020-09-22 16:11:12;2020-11-19 16:13:52
27ca2b3e;8b92fb30;bfabb816;transmited;2020-09-30 23:51:01;2020-10-25 14:55:18
b5335e04;a3675a8e;f1e784fe;proposed;2020-10-06 03:44:26;2021-02-05 22:46:29
c7d21927;ea464f95;5652a0a6;transmited;2020-09-10 16:17:10;2021-02-16 20:49:49
3c8f20a6;5cd74e0c;9f476412;proposed;2021-01-23 05:58:33;2021-03-11 15:24:18
32c0ec51;3f603918;58a0adf4;refused_employer;2020-09-30 12:24:36;2020-12-25 04:40:19
eb38d864;c99dc59a;b6e717ec;hired;2020-09-01 07:57:37;2021-03-08 15:02:48
55afffd7;3d8abf89;68685894;interviewed;2021-02-18 20:13:00;2021-03-08 18:43:57
2cf23e32;cda204d8;12e15c9e;transmited;2021-03-28 11:52:38;2021-04-02 19:45:38
af89f31e;4f8e937f;d457c672;proposed;2020-07-12 15:36:09;2020-12-14 16:48:43
38548a02;5b8a613b;d457c672;proposed;2020-06-28 14:30:50;2020-12-02 01:17:25
cf54d8eb;4120f790;3cdd7d2e;proposed;2020-04-19 07:12:23;2020-12-01 05:28:17
d4feb921;eedc2bc6;260a4caf;proposed;2020-10-08 19:45:47;2021-02-06 01:05:28
c2e501ef;ce951a4d;0ab42c7d;proposed;2021-01-06 04:39:53;2021-03-05 04:55:18
542df49d;11ded50b;b4d98d31;interviewed;2020-04-11 06:06:05;2020-08-29 23:24:56
a73d6c37;b94352f1;b6e717ec;transmited;2020-10-16 19:32:04;2021-02-06 13:03:54
00a3a2f8;e7693f28;5667910a;refused_employer;2020-11-30 17:33:24;2020-12-12 08:26:48
6b54317e;fa12fcf1;d457c672;refused_employer;2020-08-01 00:37:15;2021-01-23 21:25:40
d2c3590e;4120f790;b4d98d31;proposed;2020-08-24 16:23:37;2020-09-03 17:31:26
d23b5ccf;f8497bc6;6880f07a;proposed;2020-12-07 02:26:28;2020-12-07 05:18:26
af72a74d;db64ca94;a4c71cfd;proposed;2020-11-17 03:18:34;2021-02-05 08:16:35
cfa99963;fd1de743;da2035e3;transmited;2020-08-27 09:52:12;2020-11-30 12:55:47
835baa20;cfa7d026;0255d702;proposed;2020-07-02 06:26:09;2020-07-26 20:02:11
a168f979;d9058eff;cee81edd;transmited;2020-06-24 21:06:16;2020-07-27 03:46:36
fded9575;973b58c7;31ecdee2;interviewed;2020-10-29 05:16:00;2020-12-10 19:02:14
5b03f5c7;e8144f5a;742f334a;interviewed;2021-03-22 10:09:36;2021-04-04 19:05:30
693febee;99ce7028;0ce2cf79;refused_candidate;2020-09-20 04:56:56;2020-11-24 13:42:33
449e6c50;36d19068;d457c672;refused_employer;2020-06-02 03:05:19;2021-04-01 08:04:17
a46583fc;28e27d99;185aee09;interviewed;2020-06-04 09:02:48;2020-12-19 16:24:54
d71ce021;c9dc73b3;a8047e7e;refused_employer;2021-02-10 08:00:57;2021-02-14 21:51:02
f69829cf;26e35a1f;b6e717ec;refused_candidate;2020-08-16 04:09:22;2021-01-21 23:27:49
e944dcb2;3179dbd2;f1e784fe;transmited;2020-08-17 13:52:40;2021-02-14 10:43:25
56fd9a20;93908f56;6a9c9582;refused_candidate;2020-09-16 14:04:38;2021-03-13 02:22:08
8cb7cd44;3608ef0c;b6e717ec;proposed;2021-03-15 02:19:22;2021-03-22 12:36:07
1c98913d;83b951a8;ed918fd1;proposed;2020-12-07 17:41:44;2020-12-14 16:11:04
84b78fc5;7ea73c33;6c260f71;interviewed;2020-08-09 22:35:01;2021-03-27 06:37:06
28c07d25;d0c80297;f7e3f1da;transmited;2021-03-20 05:41:58;2021-03-20 16:43:03
285a9096;dbbeeae1;f7e3f1da;refused_employer;2020-09-25 01:28:16;2020-10-20 13:28:38
81838264;1f317ec5;0c036547;refused_employer;2020-06-16 05:37:25;2020-12-16 13:03:57
01c3e0f0;f01d2e98;388b6988;transmited;2021-01-04 08:12:40;2021-01-15 09:19:15
3badc150;e7693f28;e7450ce8;transmited;2020-10-27 23:53:26;2021-01-13 10:41:17
b1b6ada0;77cf6678;0d19e75d;hired;2020-09-14 08:38:58;2021-01-29 02:56:06
36a4fc79;0be2266d;e75f738a;interviewed;2020-07-04 15:03:58;2020-12-28 19:03:04
49ac0d66;a1b920bb;388b6988;refused_candidate;2020-07-20 20:25:10;2021-03-27 20:48:14
80cff04a;b5e36ec4;45e1b3c8;hired;2020-09-14 05:59:06;2020-10-30 04:14:37
f5e06589;ce951a4d;da2035e3;refused_candidate;2020-12-01 00:05:56;2021-03-20 14:33:30
13adb707;323f50c9;84e479cd;refused_employer;2021-03-23 21:02:13;2021-04-09 03:30:06
a90ef687;f7ea7fa8;513c81ec;hired;2021-01-26 03:08:34;2021-03-10 23:50:00
04301261;76c1364f;5f82f2e0;hired;2021-03-21 17:17:50;2021-03-29 03:38:38
27b4f916;7d48d0e2;bfabb816;proposed;2020-07-16 02:40:16;2020-11-30 20:24:32
45de197c;97917439;b4d98d31;proposed;2020-09-02 20:26:17;2021-02-07 19:54:26
6d2c3d62;30ce34e3;45a8072f;refused_employer;2021-01-21 14:09:23;2021-03-08 06:00:10
de16c074;d4460e4c;e8b80d92;refused_candidate;2021-02-28 10:07:03;2021-04-04 20:59:04
56838905;dea25bc6;0507174d;proposed;2020-12-23 23:21:32;2021-03-26 15:16:59
c3f7b56c;83b951a8;8155955c;proposed;2021-03-06 05:27:48;2021-03-19 19:09:05
dcf8d9e2;9aa94d4d;b37737cb;interviewed;2021-04-04 21:44:20;2021-04-09 09:20:32
b112fca7;4c0aa0c8;513578d5;proposed;2020-04-24 17:08:22;2021-02-26 01:13:43
d3fad87d;d052afe4;e2b1334b;proposed;2020-06-25 06:50:35;2020-10-21 15:13:02
721f5703;db64ca94;0255d702;transmited;2020-07-30 01:50:23;2020-10-15 20:50:36
7568efe1;96adc5d5;75559dc1;proposed;2020-11-22 12:45:18;2020-11-24 04:55:16
4eac1359;1f317ec5;3e0d13c0;transmited;2021-01-23 18:19:15;2021-02-23 05:23:54
ea511aba;6f7b19fe;cb4958cb;interviewed;2020-10-17 10:57:41;2021-01-05 05:01:55
9ac04ff3;9f03712d;9a610ca7;proposed;2021-02-11 09:58:45;2021-03-03 11:00:18
5775e5f2;0da6664a;45e1b3c8;transmited;2020-07-23 12:37:09;2021-02-28 18:11:55
41b61429;aa0f6ea9;3e0d13c0;transmited;2020-06-15 02:06:01;2021-03-11 02:45:14
ae7333a8;e02ac2e9;81ff1196;proposed;2020-05-17 21:33:05;2020-09-29 07:32:27
969f9797;4ba2194f;e2b1334b;refused_candidate;2020-05-11 16:33:47;2021-03-20 01:44:02
4073921d;0573b00f;267c731c;proposed;2020-11-08 08:17:48;2020-11-11 21:49:21
b4fdcf3f;f1fc8db9;9a610ca7;refused_candidate;2020-07-11 05:52:35;2021-03-15 22:38:55
98f04322;2d4b46ff;889f3076;proposed;2020-04-19 12:26:47;2021-01-14 04:34:30
a9d169ce;d7a5e75f;185aee09;interviewed;2020-05-29 10:02:38;2020-08-20 12:34:37
024af7f2;d1449636;5667910a;interviewed;2021-01-22 07:11:14;2021-03-06 19:58:40
d0ed5889;ed7dd18b;cee22143;transmited;2021-03-06 23:56:31;2021-03-26 19:27:30
57467061;62da0e09;b4d98d31;proposed;2021-01-24 11:40:02;2021-02-02 02:35:16
6f263ea5;e528faa0;ca594396;proposed;2020-12-04 15:37:56;2021-01-10 02:15:39
34fb7dad;ce951a4d;b37737cb;refused_candidate;2020-05-01 00:08:54;2020-11-26 14:36:15
02627e5a;6fc4de3b;0ab42c7d;interviewed;2021-01-24 07:58:21;2021-02-05 04:14:38
556dc572;28904c71;8155955c;refused_candidate;2020-08-28 06:29:16;2021-01-24 18:31:36
99cb03d8;88902a35;5d66c4d8;refused_candidate;2020-10-29 13:45:20;2021-03-29 04:52:03
a4609095;11170e28;a85f1c6f;transmited;2020-12-07 04:47:06;2021-02-22 09:49:49
4ef8d9e3;616a5497;d83add35;interviewed;2020-05-30 19:12:24;2020-11-26 17:12:39
2d70ec6b;78e9db02;4720c697;proposed;2021-01-08 06:57:33;2021-03-28 20:53:11
b0bb82c1;9849fe48;8c1939ef;refused_employer;2020-12-17 23:15:03;2021-04-02 05:06:19
73d73fcd;a3e0b8d9;b37737cb;transmited;2020-11-05 05:08:03;2021-01-20 11:46:26
f98e586b;2bb4de76;f28b67cf;refused_candidate;2021-03-16 11:38:20;2021-04-09 16:12:56
55cad6ad;4a47d192;9305b469;interviewed;2020-08-11 04:14:43;2020-12-30 18:05:42
1a3f4262;beed7264;513578d5;refused_candidate;2020-10-27 18:22:12;2021-02-11 16:47:53
bf6328cd;87e7990e;964080c4;refused_employer;2020-11-26 01:54:20;2021-03-31 09:33:37
01d680ac;8fa4a076;4de3029c;transmited;2020-05-17 18:01:47;2020-10-15 22:01:40
c5008092;52190cef;f28b67cf;refused_employer;2020-12-25 17:03:24;2021-03-24 11:53:18
a98fa973;0037931b;8c1939ef;proposed;2020-06-21 11:36:06;2020-09-30 20:42:59
1c81d2c6;e28b35bd;58a0adf4;transmited;2020-07-21 19:41:20;2020-10-08 17:55:08
1d38cc83;00eac743;1801e5b8;proposed;2020-12-21 13:06:31;2021-02-05 17:48:07
5de6793c;d9c7837d;889f3076;refused_employer;2020-09-10 06:24:52;2020-11-17 09:24:10
4acdd53f;35460192;da2035e3;refused_candidate;2021-03-26 22:28:06;2021-04-06 12:17:05
bed6262a;990c3741;267c731c;proposed;2020-06-26 12:03:11;2020-07-23 05:05:25
e8372455;5e53d54f;a8047e7e;refused_candidate;2020-07-08 12:10:16;2020-08-30 12:48:01
a43088f5;df6bbbd9;ed918fd1;proposed;2020-12-07 05:58:38;2020-12-22 16:09:05
4be34207;61996d81;d457c672;proposed;2021-01-23 14:35:21;2021-03-09 14:24:40
9d167229;8e1afd61;ae29cf41;proposed;2020-10-11 21:14:54;2020-12-07 19:10:55
63265443;3b6792a1;a8047e7e;proposed;2021-01-13 11:37:53;2021-02-21 04:07:38
f0e6e154;4120f790;43938375;interviewed;2020-07-02 12:36:36;2021-01-02 01:47:02
b6a2c230;d5b9ba0d;b4d98d31;hired;2021-02-09 20:50:18;2021-04-07 08:15:38
cb6acce4;88e87cc9;ffcfb194;proposed;2020-12-01 12:40:16;2021-01-10 15:46:21
4b175cdb;be944234;4a6218a5;refused_employer;2021-01-18 14:32:48;2021-02-24 13:20:48
6233c05c;b5613d06;7e319459;proposed;2020-11-30 00:52:33;2020-12-10 06:39:01
59fabb61;18d23eef;c19333cb;transmited;2020-05-28 12:55:19;2021-01-27 00:40:13
9bc2518d;329a1f15;9f476412;proposed;2020-07-10 09:38:25;2021-01-15 03:21:27
8a2dea06;8f2e3683;ca375140;proposed;2020-05-19 06:16:05;2021-03-06 07:16:09
d24ee0e7;ad5428e7;02b20fe6;interviewed;2020-10-18 12:05:58;2021-02-17 21:03:58
9130d3f9;0034064b;68685894;proposed;2020-04-24 18:12:35;2021-02-15 05:00:38
25fcc6d1;a37790a1;4720c697;proposed;2020-09-02 06:56:21;2021-02-19 05:35:53
c3431a32;70d91045;4720c697;proposed;2021-01-24 17:00:51;2021-02-01 16:56:51
2465cb4c;c99dc59a;185aee09;refused_candidate;2020-06-19 18:25:27;2020-07-01 16:41:57
cd073df1;bf67761c;0c036547;transmited;2020-12-20 19:14:10;2021-02-16 14:34:41
8f7a3546;24fe78ce;d755678b;refused_candidate;2021-04-06 06:03:28;2021-04-07 05:45:36
944a1efd;997d74be;5343d403;transmited;2020-11-30 22:17:25;2020-12-19 14:16:23
c40955b3;771ca999;12e15c9e;transmited;2020-10-10 11:41:23;2021-02-11 20:12:36
3eeb2385;82e80378;cee22143;refused_employer;2020-09-04 04:30:35;2020-09-24 15:21:10
3d7659f7;c4cc47f8;ca594396;proposed;2021-02-08 07:08:43;2021-03-07 11:47:07
79f4a4d5;5db31452;e8b80d92;refused_candidate;2020-07-02 11:59:52;2020-08-05 09:14:25
28e4aaf6;4f249b9f;ed918fd1;interviewed;2020-07-09 18:46:40;2021-03-31 19:46:59
ad2e3081;c91cf2f9;4a6218a5;proposed;2020-04-25 16:06:38;2020-07-11 16:58:06
6c2c6dad;9de231ba;ca594396;interviewed;2020-07-06 16:09:56;2020-07-12 19:49:17
1ac611e2;6d0b5ea5;bfabb816;proposed;2020-07-19 11:16:13;2020-09-11 12:57:58
5432d99f;e206d183;513c81ec;proposed;2020-12-11 09:21:57;2021-03-16 23:02:55
26ddb908;c9dc73b3;889f3076;hired;2021-03-30 21:47:08;2021-04-03 05:12:53
1c6bf9fc;9849fe48;b4d98d31;proposed;2021-03-04 14:41:40;2021-03-11 16:33:47
b387d29c;6fc4de3b;d755678b;proposed;2020-07-12 13:43:01;2020-08-22 14:33:51
d4668842;eedc2bc6;e16fa1bb;proposed;2020-09-15 17:25:40;2020-12-17 09:48:47
d9692f34;5442166c;a85f1c6f;proposed;2021-03-31 09:35:56;2021-04-05 19:54:02
6db315fb;3101e630;58a0adf4;proposed;2020-06-05 23:19:52;2021-01-13 16:39:37
27aa5aad;7ea48bb8;ca594396;transmited;2020-10-30 23:22:16;2021-03-24 17:39:52
b3694c85;10fa94db;9723e77e;proposed;2020-08-07 22:47:17;2020-09-06 01:42:32
ab4f6477;0c70d85c;ae29cf41;proposed;2021-01-24 08:13:14;2021-03-15 10:39:49
901251cc;b2acc3b7;c19333cb;proposed;2021-01-09 11:25:56;2021-01-21 05:14:04
bf494128;b5e36ec4;7e319459;proposed;2020-12-27 01:18:10;2021-01-07 21:32:57
73b05299;d62e8471;6c260f71;refused_candidate;2020-08-12 12:30:09;2020-11-18 19:47:47
75e729d3;87e7990e;260a4caf;transmited;2021-03-19 03:50:23;2021-03-22 18:42:44
fe37fcc4;49e5987c;9305b469;proposed;2020-04-18 01:02:20;2020-05-09 08:25:54
e50f4314;3fa249f3;ca375140;transmited;2021-03-06 18:40:39;2021-03-24 16:48:21
a84468e9;64cc9b3f;3a714c67;interviewed;2021-01-14 02:49:26;2021-02-13 11:47:36
ea1ac6fb;00f061e4;9a610ca7;transmited;2020-07-04 11:31:21;2020-08-19 03:20:17
47e52b10;383d9c10;81ff1196;transmited;2021-03-07 12:27:56;2021-03-08 07:10:27
c620661b;6eb08b2e;5ce8ff31;interviewed;2020-09-02 20:36:09;2020-09-17 13:58:55
9b3e1017;0fb44d2e;58a0adf4;refused_employer;2020-10-23 14:54:34;2021-01-20 09:33:03
53d0d42b;4fa3a6cc;b328a551;transmited;2020-08-10 04:23:51;2021-03-25 10:38:45
415ec0c3;5cf89c89;12e15c9e;proposed;2020-12-30 14:04:47;2021-03-02 09:18:53
a9d7bb7d;53af52b0;4ff28829;refused_candidate;2021-04-01 02:25:21;2021-04-03 12:24:10
0b203190;759e3607;4ff28829;interviewed;2020-10-27 17:40:26;2021-02-08 17:06:40
21a28e3c;019bd7d8;ca375140;interviewed;2020-11-28 08:03:56;2021-03-12 08:18:29
3c9a56a1;8895412d;31ecdee2;hired;2021-04-05 18:55:06;2021-04-07 06:33:32
0bd41a26;dd70eaa4;b8f34014;refused_candidate;2020-06-02 14:03:00;2020-08-14 05:45:09
28cdb8d5;49e5987c;3cdd7d2e;interviewed;2020-12-29 03:42:03;2021-03-12 13:35:59
d3dca4fa;cc29758c;45e1b3c8;proposed;2020-06-22 02:35:17;2020-09-01 12:21:12
e799ca34;c52768df;8a2d0f5f;refused_candidate;2021-03-06 10:27:51;2021-04-01 22:13:27
2261fe51;5442166c;e16fa1bb;transmited;2020-07-06 19:03:41;2021-01-15 07:08:43
15aa8c22;fde4e182;6880f07a;proposed;2020-12-27 08:13:00;2021-03-09 00:41:54
c92821fd;7a2dab59;88e2b2da;interviewed;2020-11-05 05:51:13;2021-01-30 03:42:50
a224fa7b;bb198f7d;260a4caf;transmited;2020-05-26 17:41:30;2020-10-21 05:21:06
a8672542;8b1740e4;d83add35;proposed;2020-05-12 00:37:34;2020-10-09 15:02:23
52fa0202;c7dcb1b6;ca594396;hired;2020-12-04 14:30:17;2020-12-25 17:50:01
ad3088d5;26f0e3fa;9a610ca7;refused_employer;2020-11-19 04:34:38;2021-01-16 20:15:04
56ecbc50;3930ddb4;cb4958cb;hired;2020-06-17 14:58:06;2021-01-07 07:14:31
96d8d0d4;fa527d34;889f3076;refused_candidate;2020-04-15 18:48:59;2021-01-05 21:29:27
da76ec3b;83a2242a;7e319459;transmited;2021-02-05 02:57:57;2021-03-22 04:52:47
17dc7e40;957e6992;0ab42c7d;transmited;2021-03-09 05:16:05;2021-03-21 11:11:36
d6a190b4;5bc87900;5f82f2e0;interviewed;2020-08-04 04:19:21;2020-09-29 21:50:17
c52572d4;90a56a86;bfabb816;interviewed;2020-08-19 22:04:52;2021-03-31 07:13:50
da11b110;9145ddac;75559dc1;interviewed;2021-04-03 07:23:10;2021-04-04 05:20:57
dd391bec;036bc494;1d69ccba;proposed;2020-07-20 06:10:30;2021-01-12 01:36:20
967188c0;6fc4de3b;683c8cfb;interviewed;2020-08-26 23:14:03;2020-09-09 04:13:23
0ef39cc0;440b4652;0255d702;proposed;2021-03-21 15:06:28;2021-04-08 07:25:54
034f5772;e86f0387;513c81ec;interviewed;2020-09-10 12:23:42;2020-12-12 03:23:43
11fa35ae;83a2242a;f28b67cf;proposed;2021-03-08 09:47:55;2021-03-21 04:49:28
33007037;f8da697a;3a714c67;proposed;2020-07-15 07:45:51;2021-03-10 00:18:48
b84780e0;1895390f;58175e7c;transmited;2021-02-19 12:44:10;2021-04-06 16:24:24
182bd187;c4cc47f8;0255d702;interviewed;2020-07-15 00:02:19;2020-10-01 03:57:20
c49fb023;1d9fa15d;3849242a;transmited;2020-06-13 02:46:44;2020-09-11 00:53:40
c081454d;f44d798a;b328a551;transmited;2020-11-29 18:15:38;2020-12-19 11:49:09
b8e8ad76;7f3e9581;f1e784fe;transmited;2020-05-02 23:47:30;2020-10-23 03:52:17
ccd73e8a;d4460e4c;ae29cf41;refused_candidate;2020-10-30 08:10:02;2020-12-21 04:03:22
6dca092c;c2018f49;e7450ce8;refused_candidate;2020-08-29 15:22:48;2020-10-29 15:18:16
bb4a8389;b6eea4a2;8a2d0f5f;interviewed;2020-10-19 22:44:01;2021-04-07 09:56:32
089b4744;3fa9ca23;5343d403;transmited;2020-05-20 08:20:37;2020-08-13 17:09:54
d330d7e5;262e44a6;f1e784fe;transmited;2021-04-02 15:51:17;2021-04-03 11:23:18
81d3dd93;ab68c970;260a4caf;proposed;2020-11-01 20:48:07;2021-02-24 05:16:52
04f721cc;1d9fa15d;4720c697;transmited;2020-10-22 16:29:37;2021-04-08 12:38:09
21b77cfe;9fa5ba70;3a714c67;interviewed;2021-03-24 01:02:20;2021-03-29 07:05:58
ef9878c3;77cf6678;388b6988;interviewed;2020-06-17 06:21:20;2020-07-02 18:22:40
5eff3d14;9e65f053;9a610ca7;interviewed;2020-08-21 21:44:21;2020-09-23 05:07:16
c1f8c041;53af52b0;4a6218a5;refused_employer;2020-05-30 19:47:55;2020-10-24 04:29:09
046b92e2;9214d861;43938375;proposed;2020-05-30 06:47:47;2020-07-01 15:47:32
8287f264;c91cf2f9;4ff28829;proposed;2021-03-03 23:21:45;2021-03-18 00:48:22
51d1cdf9;5a712728;f28b67cf;proposed;2020-10-27 04:09:51;2021-04-01 09:07:03
2bc42c62;ec8b5428;5343d403;proposed;2021-03-18 19:44:02;2021-03-21 03:51:28
d5bb7a8c;db64ca94;b37737cb;proposed;2020-12-19 21:37:20;2021-02-08 12:30:24
b1282883;84a7db79;e2b1334b;refused_employer;2020-09-24 10:17:32;2021-03-24 09:22:46
57da14cb;1fa585b1;3a714c67;proposed;2020-11-05 19:57:41;2021-03-17 06:23:18
1765cd3e;8439e902;5667910a;proposed;2021-01-12 01:29:35;2021-01-18 02:09:04
6a7a05a7;a88a7687;0ce2cf79;proposed;2020-07-13 08:17:35;2020-12-17 03:15:15
f1350c74;4407a8f0;889f3076;proposed;2020-11-14 07:08:27;2021-03-26 01:40:27
2038cd80;17516a50;ae29cf41;proposed;2020-04-18 20:47:02;2021-04-01 18:06:04
7bf0cf55;78bbb2de;8155955c;proposed;2020-06-27 04:41:38;2020-10-09 18:17:05
38ca88e3;9a97f7ef;3e0d13c0;proposed;2020-04-26 19:17:43;2020-05-02 21:29:58
7b5e23f4;1cb26976;0255d702;proposed;2020-05-03 20:51:19;2021-04-09 07:21:46
8e38925a;a6fcefe6;9a610ca7;hired;2020-12-04 05:24:46;2021-01-31 15:32:03
e38574d4;4c0aa0c8;45e1b3c8;transmited;2021-03-03 17:17:03;2021-03-17 22:37:22
521cc431;c2018f49;e16fa1bb;proposed;2020-05-24 13:58:55;2020-12-03 08:18:13
38e8f95e;b47ffca4;6a9c9582;interviewed;2020-05-28 09:06:56;2020-06-17 08:47:33
a30e658c;1763e017;cee22143;refused_employer;2020-11-15 18:13:17;2021-02-18 03:25:28
a7753104;46a0c5a7;f28b67cf;proposed;2020-12-30 20:45:18;2021-03-21 06:41:36
9e5c5eb8;9e0de1fd;0d19e75d;transmited;2020-06-06 01:45:43;2020-08-28 06:02:08
e7dfd2bc;90f7d73a;964080c4;interviewed;2020-09-25 05:28:13;2020-10-23 21:04:34
d9eaf663;ef197b83;b328a551;proposed;2021-03-18 11:42:49;2021-03-21 05:54:49
6e275a11;bb785712;d755678b;refused_employer;2020-09-16 19:56:35;2020-10-05 02:33:53
a723034b;7856b264;12e15c9e;proposed;2020-08-16 05:11:45;2020-09-27 18:18:00
1839e9ea;9214d861;742f334a;proposed;2021-03-15 11:24:27;2021-03-16 00:31:05
206ade67;d8647eed;1801e5b8;transmited;2020-07-26 09:42:27;2020-11-02 12:52:23
4b7c32df;12f59940;2a6a66f9;interviewed;2021-02-03 14:28:23;2021-02-09 12:32:02
fc576a5c;0bed7093;d457c672;proposed;2020-04-20 22:51:54;2020-05-20 05:48:18
d3078cb7;7ddcecab;661a3a4b;hired;2021-03-29 14:11:53;2021-04-06 07:10:50
7d88eb1a;ea464f95;3849242a;proposed;2020-04-20 13:25:56;2020-09-02 10:22:14
b532c750;a8d47501;751a965c;interviewed;2020-07-25 09:41:44;2020-08-06 02:35:59
ffe343d4;855fa857;5652a0a6;hired;2020-12-06 11:40:30;2021-01-27 08:45:14
43ff6de0;a95a7f6a;0255d702;interviewed;2020-06-03 22:44:31;2021-03-03 02:12:06
481b6596;f620ab6b;12e15c9e;refused_employer;2020-07-05 04:19:33;2021-03-28 00:08:07
7df8548d;430c5874;d457c672;proposed;2021-01-02 20:12:42;2021-01-29 12:24:04
23a1ddc1;5da14210;32f23bcf;transmited;2020-07-16 01:21:34;2020-08-02 15:31:06
f356fc2f;f609a84e;513c81ec;refused_employer;2021-02-08 21:52:47;2021-04-09 02:57:46
9dc36bb4;86a8e635;ae29cf41;interviewed;2020-06-12 02:29:17;2021-03-02 23:09:12
168883bd;c2d5962b;b328a551;transmited;2020-11-16 20:06:02;2021-03-28 19:33:45
cf876078;11042c2c;81ff1196;proposed;2020-07-25 00:03:06;2020-11-15 13:02:00
17ba1f36;8fd30c71;3cdd7d2e;hired;2020-09-22 11:13:07;2020-11-18 04:53:03
dfae2e96;0be2266d;388b6988;refused_employer;2021-02-13 17:40:36;2021-03-28 01:25:17
34a3133d;0da6664a;964080c4;proposed;2021-02-15 20:30:56;2021-03-25 22:08:25
d641d7d3;48d326c8;3a714c67;interviewed;2020-11-16 23:53:07;2021-03-20 17:18:31
f27dbab8;b2496c00;d755678b;hired;2021-03-25 23:57:14;2021-04-01 13:52:32
cd8296dc;440b4652;84e479cd;transmited;2020-07-03 21:05:35;2020-10-22 11:26:36
6c4008bd;1763e017;3849242a;interviewed;2020-07-18 21:09:55;2020-12-25 06:27:50
caf6dc0d;a5fc0254;f28b67cf;transmited;2021-03-17 16:45:41;2021-04-09 13:12:00
c8cd7a1b;00eac743;5f82f2e0;proposed;2020-12-31 02:13:15;2021-04-04 22:55:47
0667a80c;24cae7de;1801e5b8;hired;2020-09-12 22:05:19;2020-11-30 11:26:03
9fa6472d;e28b35bd;88e2b2da;proposed;2020-10-16 06:06:07;2021-04-02 05:27:11
5795b718;413e9cde;f7e3f1da;proposed;2021-03-02 10:55:55;2021-03-17 09:08:21
3ca49e7d;26f0e3fa;5d66c4d8;transmited;2020-10-11 21:11:41;2021-02-22 18:25:04
132b6bc8;973b58c7;0ab42c7d;interviewed;2020-08-14 20:32:39;2021-02-23 13:49:06
32cd2303;5eb3768a;e75f738a;refused_candidate;2020-11-28 11:21:00;2021-03-02 02:53:28
613c5054;7107a9d3;cb4958cb;refused_employer;2020-11-22 09:08:16;2021-03-28 13:12:24
c509a37c;383d9c10;1705b9ce;proposed;2021-04-04 04:23:37;2021-04-05 13:58:39
1519bd96;1df2c540;8a2d0f5f;proposed;2020-09-29 04:54:30;2021-01-29 04:25:27
f17a6ef2;06f1765b;9723e77e;interviewed;2020-05-02 00:27:10;2021-04-04 14:15:10
b4c7ddbb;3ac95206;6c260f71;proposed;2020-05-19 19:26:58;2020-08-06 11:31:07
2e607535;00f061e4;58175e7c;interviewed;2020-09-27 17:22:34;2021-02-22 00:35:15
81e9393e;8cf4d663;6a9c9582;refused_candidate;2020-06-25 22:23:33;2020-08-03 23:00:26
5dda1f00;773e1a93;75559dc1;proposed;2020-08-19 10:44:14;2020-11-18 15:02:12
401f947e;7cc51638;3484b71f;refused_employer;2020-04-22 09:44:02;2020-07-03 14:57:04
c2ba9e77;a9389640;0ff4a6fc;proposed;2021-04-02 14:52:45;2021-04-03 10:43:38
841656b3;748d45c6;a11e502c;transmited;2021-02-16 01:52:43;2021-03-15 13:08:37
ab3edd33;7f97f2b8;4a6218a5;transmited;2021-01-02 14:04:58;2021-03-27 15:28:20
48d22bcb;99b8344e;68685894;interviewed;2020-08-14 12:49:27;2020-09-07 04:28:33
b07c7ef4;da9fd3df;4720c697;interviewed;2020-08-21 22:52:24;2021-01-24 00:21:34
2da0ee6d;7e851b36;f7e3f1da;transmited;2020-09-29 01:22:40;2021-02-15 07:03:51
d943d7ad;7273bdc0;4b4320c0;proposed;2020-05-05 03:42:30;2020-10-30 23:59:51
ac54895e;ca3284b4;5d66c4d8;interviewed;2020-09-15 10:48:11;2021-03-08 13:26:13
0f4b8faa;2109f57f;3484b71f;interviewed;2021-04-08 21:40:33;2021-04-09 10:18:47
9a611765;90a56a86;da2035e3;proposed;2020-12-29 07:35:53;2021-02-24 02:03:04
63b061df;83a2242a;678b52a5;transmited;2020-08-19 18:00:05;2021-01-08 19:57:43
d09c45f7;0b4a555e;8c1939ef;transmited;2021-02-13 15:13:17;2021-03-26 13:24:26
02bea5c9;e1edfec1;661a3a4b;proposed;2020-10-11 19:41:13;2021-04-06 04:04:58
5b08824b;9f03712d;260a4caf;refused_employer;2020-08-02 03:40:34;2020-09-22 19:21:25
97774032;39018b53;8155955c;refused_employer;2020-09-22 07:51:18;2020-12-04 03:53:17
3874883e;329f349f;f28b67cf;interviewed;2020-04-10 21:44:04;2020-05-20 00:57:08
84a6739a;748d45c6;751a965c;proposed;2020-06-13 11:21:35;2020-11-02 16:05:04
a87a9f60;ce028c2a;b37737cb;proposed;2021-01-27 05:06:14;2021-03-18 08:39:25
5eb01329;64b22551;f28b67cf;transmited;2020-06-03 22:29:23;2020-06-20 04:28:27
c860017d;01688b78;ae29cf41;proposed;2020-12-13 19:29:31;2020-12-28 13:14:01
b995ed56;8038f02c;58175e7c;refused_employer;2020-05-01 07:42:49;2020-10-02 00:53:34
a2dc4a72;136eb7be;3e0d13c0;refused_employer;2021-02-03 07:17:19;2021-04-05 10:21:04
98211098;10c2c2b9;388b6988;proposed;2020-06-22 22:12:06;2020-08-29 12:48:34
127b28d2;c01d0f47;5d66c4d8;proposed;2020-08-04 15:26:07;2020-09-18 19:04:47
2a3b90c5;a1b920bb;388b6988;proposed;2020-08-28 19:43:05;2020-11-26 22:21:55
4e4cb500;12f59940;a85f1c6f;interviewed;2020-07-26 16:45:18;2020-11-24 21:20:03
cf50141b;616a5497;7e319459;transmited;2020-10-15 19:08:02;2021-01-28 13:02:43
f7d708fd;c87f186f;0ab42c7d;proposed;2020-10-13 02:01:05;2020-11-10 09:32:42
703f58fe;b6e69b12;0ce2cf79;transmited;2021-03-20 03:19:17;2021-03-30 09:26:12
722de87b;17876032;267c731c;interviewed;2020-07-20 02:32:41;2021-01-23 02:33:19
d0c136cc;3a374e2f;9723e77e;refused_employer;2020-12-29 08:00:55;2021-03-07 03:22:56
d1638540;773e1a93;2a6a66f9;proposed;2021-03-21 08:57:23;2021-04-08 22:52:27
89da0937;2cf5256c;5652a0a6;transmited;2020-07-22 16:50:26;2020-11-24 15:24:56
e072ae03;b6eea4a2;3e0d13c0;interviewed;2020-07-19 14:50:09;2021-01-06 08:59:58
19766c08;4e6305b4;ca594396;proposed;2021-02-12 16:56:08;2021-04-02 03:14:52
c261166f;89203baa;388b6988;proposed;2021-01-20 12:00:19;2021-03-04 18:09:26
75581d12;aad11476;1801e5b8;interviewed;2020-08-23 05:11:21;2021-02-09 09:42:17
659b2850;077bf5d1;d755678b;proposed;2021-04-06 04:13:31;2021-04-08 14:08:43
a1b23e00;3a374e2f;cee22143;proposed;2020-04-10 14:23:09;2021-03-10 03:44:07
37b6ece7;04e6b8d2;0d19e75d;interviewed;2020-07-28 04:03:43;2021-01-23 06:23:26
ea8a3ebf;7a2dab59;5d66c4d8;interviewed;2020-07-09 15:43:57;2021-02-08 19:43:54
84c54a6e;db00214f;d755678b;transmited;2021-02-03 00:50:55;2021-03-19 20:12:48
0f9b46e2;1d54a0cd;9305b469;proposed;2020-05-14 04:49:25;2020-09-05 02:02:28
1b87f9a3;67185198;8155955c;transmited;2020-05-31 07:29:01;2021-02-27 15:17:36
ed5eb305;4390650c;9b4601fa;transmited;2020-10-06 06:15:10;2021-02-27 10:27:43
22022384;8fd30c71;8c1939ef;transmited;2020-10-10 11:40:11;2021-03-16 04:36:11
4d79e3a2;48cca3fd;9305b469;proposed;2020-10-21 21:55:19;2021-02-27 02:23:15
7da42f9f;4e64c64e;b6e717ec;refused_candidate;2020-06-22 23:36:51;2021-03-17 20:59:10
def81110;abd44734;0ff4a6fc;proposed;2020-05-13 19:41:10;2021-02-25 09:12:58
334503df;5982cf83;4a6218a5;proposed;2020-04-12 10:28:44;2020-09-09 14:05:16
8658dde3;06f1765b;5f82f2e0;refused_candidate;2020-09-05 22:35:55;2020-12-23 10:01:31
58fd923c;222c861d;9b4601fa;interviewed;2021-01-25 01:54:08;2021-04-03 00:16:29
eb52a0de;32bcadb2;bfabb816;interviewed;2021-02-08 05:03:11;2021-03-02 19:15:29
9c6c572c;7bacb656;32f23bcf;transmited;2020-04-18 01:13:27;2020-12-20 09:40:07
2f91b4f3;35e24d65;5652a0a6;proposed;2020-12-11 21:31:34;2021-02-21 08:04:34
2687c770;c0501d20;f28b67cf;transmited;2020-07-10 02:26:11;2020-10-21 23:26:00
669d7509;3c2c653a;0ab42c7d;hired;2021-01-24 22:30:39;2021-04-05 15:09:27
f63222fc;b5936a07;0d19e75d;proposed;2020-12-26 01:07:01;2021-01-25 03:05:43
fe9f8754;00f061e4;751a965c;hired;2020-06-09 17:25:19;2020-12-07 19:45:58
8c29a0a8;6fc4de3b;31ecdee2;proposed;2020-08-17 06:22:35;2020-08-22 10:41:09
baa54350;e639e6c3;88e2b2da;proposed;2020-08-20 00:50:20;2021-02-11 02:29:18
20ff0718;5f21a314;388b6988;transmited;2021-01-09 21:48:56;2021-03-17 13:12:48
414eefe4;7ae879ec;889f3076;refused_candidate;2020-12-09 22:04:16;2021-03-13 17:46:15
98bb1631;18d23eef;84e479cd;refused_employer;2020-05-08 06:41:37;2020-07-20 06:10:04
01ad2bf3;76230d39;b6e717ec;proposed;2021-02-07 13:56:27;2021-02-25 08:52:16
95145b1c;3fa249f3;a8047e7e;proposed;2020-11-29 04:13:11;2021-02-15 17:18:45
2dbf7930;0439a596;678b52a5;proposed;2020-04-30 18:15:46;2020-12-16 17:13:35
1f4e2535;d22d1462;8a2d0f5f;transmited;2020-10-13 03:52:35;2021-01-21 10:26:08
4ea72738;38944973;4720c697;proposed;2020-05-26 06:50:19;2020-06-16 16:16:46
2a030932;df1ff0b4;9a610ca7;proposed;2020-08-08 09:47:08;2021-01-28 02:58:24
c8bbcee1;440b4652;513c81ec;proposed;2020-09-30 20:42:13;2020-10-11 16:29:22
4fd76b6a;ea464f95;2a6a66f9;proposed;2020-10-11 17:27:11;2021-03-19 11:51:15
f35ca33b;e5819772;ed918fd1;hired;2021-02-14 00:21:01;2021-03-07 01:33:17
0ea4a5e7;f68c5a73;1d69ccba;proposed;2021-01-30 20:46:48;2021-03-29 23:30:09
fd35c25c;67e07243;cee81edd;proposed;2020-06-14 14:16:28;2020-12-03 08:01:58
aea27ed1;dbf51aa0;a4c71cfd;proposed;2020-10-28 22:46:10;2021-02-20 01:46:42
8a042c0b;4c523f66;43938375;transmited;2020-07-19 07:25:42;2021-01-10 19:56:02
3c4132e7;fa527d34;0c036547;transmited;2020-06-04 13:57:31;2021-02-07 06:18:17
3e1f6f59;2ae159cb;4b4320c0;proposed;2020-06-30 05:19:41;2020-07-18 00:57:28
e988fc1d;aebb78be;4ff28829;interviewed;2020-06-17 20:59:40;2020-11-17 10:17:19
2d32c8ca;a61dc8a1;02b20fe6;transmited;2021-01-17 04:41:55;2021-03-25 23:11:54
a358b807;d6146b53;9a610ca7;proposed;2020-05-29 00:38:58;2020-09-25 09:24:14
98e78674;4aa10c26;388b6988;hired;2020-09-25 10:11:29;2021-03-05 22:22:37
03e93923;98f016fe;513c81ec;proposed;2020-09-19 12:31:40;2021-03-08 02:26:50
518eed91;056289cb;84e479cd;transmited;2020-08-09 09:40:42;2021-04-04 11:57:11
e4f80eaa;d22d1462;4ff28829;proposed;2020-06-26 00:00:14;2020-09-06 00:53:24
32e94357;06fceb6c;12e15c9e;refused_employer;2020-10-22 06:29:30;2021-03-15 12:23:32
62b758fa;3e13822d;a4c71cfd;refused_employer;2020-10-30 20:49:57;2021-03-21 08:26:11
7ae220fa;fd881922;b8f34014;refused_employer;2020-04-14 19:15:15;2021-02-16 05:08:55
84dbf46d;b94352f1;3cdd7d2e;transmited;2020-06-05 10:18:25;2021-01-08 08:11:48
155fda5c;c4cc47f8;8155955c;transmited;2020-08-13 15:04:02;2021-03-05 08:47:49
69b8fe3c;f7731f71;b6e717ec;proposed;2020-08-06 22:46:59;2020-10-30 02:03:04
384d8bd7;6d0b5ea5;d83add35;proposed;2021-02-07 15:42:29;2021-02-21 01:55:21
ac59d82c;4fa3a6cc;9723e77e;refused_employer;2020-07-08 14:26:42;2021-01-22 23:06:10
c6484bab;147f7f34;c19333cb;proposed;2020-08-17 04:32:52;2021-02-28 18:40:32
45b5624f;aceca898;32f23bcf;transmited;2020-08-29 13:31:34;2021-03-12 17:27:09
242a9a0b;c01d0f47;b4d98d31;transmited;2020-09-23 15:00:59;2021-03-31 06:04:17
2827e2ac;4427bc19;4ff28829;interviewed;2020-12-11 19:09:17;2020-12-30 09:56:00
4330b913;413e9cde;b37737cb;interviewed;2020-12-21 13:33:11;2021-02-19 11:15:53
7bd6439d;cda204d8;185aee09;proposed;2020-06-20 10:12:41;2021-01-27 06:39:58
79560508;d65b5a65;4de3029c;interviewed;2020-06-30 01:45:56;2021-01-30 04:26:39
3afe5897;a3e0b8d9;0d19e75d;hired;2020-07-09 23:42:01;2021-02-10 09:48:12
06647999;10d08588;45a8072f;hired;2020-04-29 07:56:58;2020-07-08 10:41:21
f7b58baa;e491b616;3cdd7d2e;interviewed;2020-10-28 01:40:23;2020-11-01 16:56:51
416bbedf;5ec0e158;c19333cb;proposed;2021-02-11 00:05:57;2021-04-08 18:04:23
d29a1740;5a7311f0;43938375;interviewed;2021-01-30 20:38:56;2021-03-25 08:54:44
6894ead7;26c1f1a0;88e2b2da;proposed;2020-08-31 00:08:27;2020-11-02 05:25:35
6e3dca90;773e1a93;cee81edd;refused_employer;2020-09-08 22:02:02;2021-03-27 06:01:27
4fca7d90;1444298e;58a0adf4;refused_employer;2020-07-11 00:49:05;2020-10-21 00:05:17
cf884b81;ca198632;9723e77e;interviewed;2020-10-02 16:48:46;2020-10-25 21:57:07
1369ac8e;f01d2e98;a11e502c;transmited;2020-09-24 18:43:02;2020-10-08 12:07:56
66e1d530;0036aa64;0ff4a6fc;transmited;2021-01-26 12:06:00;2021-03-17 19:40:55
deb125a3;c3e8b726;12e15c9e;proposed;2020-12-12 03:59:41;2021-03-02 12:00:09
cef572b0;546848c8;8a2d0f5f;refused_employer;2020-06-30 23:03:45;2020-09-24 21:39:20
0a748ec3;59bbbe31;3849242a;proposed;2021-02-04 03:27:06;2021-02-17 06:25:45
a460baa9;9e0de1fd;45e1b3c8;proposed;2020-11-28 17:01:02;2021-01-11 11:58:57
feda8358;ca3284b4;45e1b3c8;proposed;2021-02-24 03:31:02;2021-03-12 12:49:16
f188e40d;97d723b8;3484b71f;refused_candidate;2020-09-24 08:46:55;2020-12-03 19:09:57
9e9203ab;64b22551;0ff4a6fc;transmited;2020-11-25 03:38:30;2020-12-09 01:16:52
07099da5;5a712728;cee22143;interviewed;2021-03-25 21:49:39;2021-03-27 12:51:33
6e2cbcc6;99b8344e;5667910a;transmited;2020-06-09 05:02:46;2021-03-02 14:28:21
500a716d;56a3c06e;2a6a66f9;refused_employer;2021-03-05 14:40:19;2021-03-07 14:48:04
8b4bbd6b;5bb2b5ec;5343d403;proposed;2021-03-26 14:37:40;2021-04-02 03:58:23
11d514ff;d7393dbe;9723e77e;proposed;2021-02-10 11:22:10;2021-03-01 02:02:38
bb02b9a2;90a56a86;0507174d;transmited;2020-12-15 22:19:47;2021-01-21 04:33:09
73018c82;d74f2e08;964080c4;proposed;2021-01-13 02:04:55;2021-03-15 16:01:15
76d4f91e;56e58100;388b6988;refused_employer;2020-06-05 10:45:20;2020-12-27 15:20:56
daf1e273;5f21a314;5f82f2e0;hired;2020-11-14 10:59:40;2021-01-16 14:08:49
a2698c56;553edc43;1705b9ce;interviewed;2021-04-05 09:40:44;2021-04-08 20:54:52
4f4ede2e;5e1795b1;88e2b2da;proposed;2021-03-20 10:04:17;2021-03-22 08:03:10
7227b9b4;d77a0f18;ae29cf41;refused_candidate;2020-05-12 01:48:23;2020-07-13 16:30:43
1e75baad;aab1395f;e16fa1bb;proposed;2020-11-03 05:51:58;2021-02-22 05:43:42
1ae82763;69514275;45a8072f;proposed;2021-04-03 12:32:52;2021-04-07 10:20:42
43385123;9e026300;34a7372d;proposed;2021-03-02 00:46:39;2021-03-25 23:20:15
13a665a2;ed7dd18b;e75f738a;proposed;2020-10-09 11:07:41;2021-03-22 08:17:22
2c743e05;1be26cbd;e2b1334b;proposed;2020-06-27 14:54:04;2020-09-18 03:57:14
563123d0;48d326c8;d457c672;proposed;2020-11-09 07:09:12;2021-02-08 18:22:11
1b9e935a;31122690;7d53d252;interviewed;2021-02-23 04:51:18;2021-02-24 11:12:14
164e5b04;4e64c64e;34a7372d;transmited;2020-06-17 22:15:32;2020-11-24 08:48:16
5a4f0fdc;bf67761c;68685894;proposed;2021-03-01 19:46:33;2021-03-21 08:59:41
f4f162ca;b0f54570;7e319459;refused_candidate;2020-08-05 11:01:47;2021-01-30 22:38:26
218cb87a;2eebb7a8;b8f34014;refused_employer;2020-09-01 11:08:10;2020-11-19 14:11:53
0dc6d4d1;74c9c199;58a0adf4;proposed;2020-10-27 10:49:54;2021-01-22 20:04:27
7e1efdea;9315ef74;ae29cf41;proposed;2020-11-18 15:29:12;2020-12-18 17:10:17
c41e7e69;fc3916d8;a26a24bd;proposed;2020-12-31 03:50:05;2021-03-23 22:55:20
9d2a504e;07416e33;3849242a;hired;2021-04-08 01:16:14;2021-04-09 15:03:27
26955e64;d14fbdcd;e16fa1bb;proposed;2020-08-17 17:50:25;2021-01-10 19:35:33
90a11f4f;1072489d;a26a24bd;proposed;2020-10-21 23:03:25;2020-12-19 20:16:16
8ec86f5c;4390650c;3484b71f;refused_employer;2021-03-21 10:38:48;2021-03-31 03:48:25
7586c31d;0be2266d;0ce2cf79;proposed;2020-12-30 08:58:37;2021-01-29 19:49:04
ca73d5e6;83e1525a;e75f738a;transmited;2020-10-20 01:40:20;2021-03-18 09:43:07
e7ef22ff;d4460e4c;31ecdee2;refused_candidate;2021-02-12 07:50:56;2021-02-14 01:44:56
831bf73d;723902f4;ae29cf41;transmited;2020-11-27 06:51:39;2021-03-13 11:49:14
eba68504;fcf92fec;6880f07a;proposed;2021-04-06 22:15:02;2021-04-07 19:54:10
fb57570f;c6f16176;0c036547;transmited;2020-04-19 00:25:13;2021-01-08 00:27:33
d025ec81;44a3410c;3a714c67;proposed;2020-06-29 15:08:22;2020-10-29 21:51:53
e68c2fe5;76c1364f;6880f07a;proposed;2020-05-09 09:36:05;2020-05-16 22:53:22
bebfda78;5f80fa82;12e15c9e;interviewed;2020-10-21 10:24:43;2021-03-15 13:41:37
3d78da44;2fbbcaf9;661a3a4b;transmited;2020-08-01 11:05:36;2020-08-26 17:20:17
f10f16e9;10c80a4e;31ecdee2;refused_candidate;2020-04-27 16:19:42;2021-03-03 12:16:39
ebc888bb;b048472b;d755678b;transmited;2020-06-07 12:10:35;2020-08-28 11:54:57
950c899f;0c70d85c;ae29cf41;proposed;2021-02-16 15:32:18;2021-02-18 18:37:02
8f6db86d;1d4ad216;58175e7c;transmited;2020-05-17 12:11:52;2020-10-18 08:44:34
9d6499a4;80f67823;6c260f71;transmited;2021-02-03 21:31:15;2021-02-07 22:07:22
bd2d01ff;ace11c9c;ed918fd1;transmited;2020-08-04 21:25:26;2020-09-25 05:20:09
7ae46edd;6d449691;b328a551;transmited;2021-02-14 04:55:05;2021-03-11 11:17:14
c2e1e090;1d21acb8;b8f34014;interviewed;2020-06-20 20:21:43;2020-07-22 19:14:11
3eb17ae3;ab68c970;68685894;proposed;2020-08-09 14:42:41;2020-09-29 11:50:48
36c789a8;b7938574;9f476412;interviewed;2020-11-15 11:38:54;2021-01-01 14:40:50
20e2211c;abe7972a;0c036547;interviewed;2021-03-19 20:16:16;2021-04-04 07:10:52
8fb3c38e;2bec4e03;1801e5b8;interviewed;2020-08-16 18:16:33;2020-12-22 11:43:30
00d75d95;bf943b5a;32f23bcf;proposed;2020-04-10 23:56:02;2020-09-03 01:13:47
ee5b70a8;c2d5962b;0ab42c7d;proposed;2021-02-27 11:39:50;2021-03-03 06:21:21
0b92a774;ceedd050;84e479cd;proposed;2020-12-07 04:54:54;2021-03-31 03:42:15
1db4e40f;97d6bca5;9305b469;proposed;2021-01-16 08:54:06;2021-03-08 05:38:11
284b7253;78cddf24;c19333cb;proposed;2020-10-30 12:52:25;2020-12-17 04:14:47
3b0934ca;9c0d9f06;cb4958cb;proposed;2021-01-01 11:26:43;2021-02-12 04:15:59
4faad2df;64ce6f14;75559dc1;refused_candidate;2020-09-16 23:08:54;2021-03-31 05:29:32
7609ee0d;bf658a76;9f476412;transmited;2020-08-13 20:28:18;2021-01-11 15:32:37
1e4e26f4;d14fbdcd;75559dc1;proposed;2020-06-13 23:43:20;2020-12-03 00:58:31
a5d706ab;b97e9337;2a6a66f9;refused_employer;2020-12-25 23:03:37;2020-12-29 05:42:36
e9c300ef;3efda529;751a965c;hired;2020-05-19 18:03:58;2021-01-18 10:22:18
b6267e6a;8b92fb30;9723e77e;transmited;2020-04-20 03:01:08;2020-09-28 01:19:15
a96f6186;fb704f04;e8b80d92;interviewed;2021-03-15 19:14:55;2021-03-20 16:24:02
80645977;8439e902;e7450ce8;interviewed;2020-05-28 00:31:10;2020-11-23 23:57:29
d0864769;5623f739;12e15c9e;transmited;2021-04-05 09:33:25;2021-04-07 00:51:47
eacb5ac6;e8144f5a;d755678b;proposed;2021-01-20 01:38:02;2021-01-21 23:03:22
b9ee348e;3f0c89eb;02b20fe6;transmited;2020-08-26 21:28:35;2021-03-17 11:13:53
3cfb0376;961b69de;5f82f2e0;proposed;2020-10-14 08:45:55;2020-10-14 12:39:08
8bd6adb0;49b1c2cb;1d69ccba;proposed;2020-10-31 12:57:15;2021-03-29 16:12:24
38819b65;53e8c2d8;cee22143;interviewed;2020-08-07 15:03:56;2020-11-01 15:34:42
a026fa88;b4d414e7;7e319459;proposed;2021-02-22 07:38:36;2021-03-20 18:14:36
76e00185;71f9b489;5652a0a6;refused_candidate;2021-03-17 10:03:46;2021-03-28 15:41:45
e50376b3;1f1942f1;3e0d13c0;proposed;2021-01-09 12:34:32;2021-04-07 23:33:23
18674bd2;92608e4a;6880f07a;refused_candidate;2021-04-08 21:51:51;2021-04-09 07:29:23
f85301f7;1c74e79f;9f476412;interviewed;2020-08-14 19:03:59;2021-01-06 17:23:41
f5307ac0;546848c8;0ff4a6fc;proposed;2020-05-15 04:16:52;2020-12-28 22:49:37
7d4de608;d9058eff;31ecdee2;proposed;2020-04-14 12:18:37;2020-12-31 04:38:35
b60e1aee;b94352f1;513c81ec;transmited;2020-12-14 01:44:04;2021-01-30 12:59:33
43320ae1;336440a2;e8b80d92;transmited;2020-06-21 01:40:50;2021-02-19 16:14:52
329ce6ca;aaee19b0;4b4320c0;transmited;2020-12-23 22:20:49;2021-03-29 10:45:07
147e629f;a5723c64;8155955c;proposed;2020-06-09 13:33:59;2021-01-25 05:34:08
c5d08166;faf1f7ea;12e15c9e;proposed;2020-04-09 22:43:14;2020-08-27 13:24:28
6203aab5;3d8abf89;e2b1334b;interviewed;2020-12-08 17:25:37;2021-03-04 23:44:26
2861c118;8c9d285f;8155955c;interviewed;2020-12-31 12:42:41;2021-03-30 12:31:27
d1ae828d;f7ea7fa8;5ce8ff31;proposed;2020-11-01 09:56:49;2021-01-19 07:26:50
bf6df400;e6f92e82;1801e5b8;refused_employer;2021-03-23 05:58:10;2021-04-04 09:49:06
c042d79e;84a7db79;678b52a5;refused_candidate;2020-08-23 16:13:47;2021-04-07 19:52:35
3e915cb2;c91cf2f9;b37737cb;interviewed;2021-02-27 02:55:14;2021-03-29 17:02:43
c8289006;d77a0f18;bfabb816;refused_employer;2020-08-11 18:13:40;2021-01-06 02:40:53
ace5a14f;6ecfad26;3849242a;interviewed;2020-09-27 04:33:00;2021-03-11 09:06:43
c2377e24;fa9a38c4;964080c4;proposed;2020-11-27 06:52:07;2021-01-14 16:20:10
2c4397d2;ccfc1428;5667910a;refused_employer;2021-01-16 07:15:01;2021-03-27 06:46:06
340b08de;2d7e44f0;b37737cb;proposed;2021-03-14 13:41:44;2021-03-30 14:06:45
7f4bdd62;74401baa;12e15c9e;refused_candidate;2020-12-06 13:03:00;2021-03-29 08:20:38
d8215e66;99ce7028;31ecdee2;transmited;2021-02-12 21:59:12;2021-03-12 00:15:47
d3961a47;b048472b;5343d403;proposed;2020-10-02 16:54:09;2020-11-07 13:34:15
b9179264;beed7264;68685894;refused_candidate;2020-12-01 15:23:03;2021-02-09 11:24:37
d2eeb3bd;12f59940;45a8072f;hired;2020-05-15 17:51:55;2020-12-06 12:14:50
9c7ff384;e6215917;b6e717ec;transmited;2020-07-06 09:48:00;2020-12-08 18:04:32
c44e21ae;c0f0c54f;6a9c9582;proposed;2020-11-21 05:45:36;2021-04-01 16:06:30
1aca84da;3a374e2f;5343d403;proposed;2020-07-15 05:53:27;2020-10-01 18:23:16
94374b54;f24c5a56;e75f738a;interviewed;2020-11-01 23:21:34;2021-02-17 03:36:07
d385a2a0;dbbeeae1;5652a0a6;proposed;2020-06-02 14:50:49;2020-12-12 13:28:03
426e2020;00eac743;b8f34014;proposed;2020-05-06 03:50:14;2020-08-19 22:16:02
f10209f9;38fd6456;678b52a5;proposed;2020-08-06 01:36:14;2020-08-21 18:48:10
fcd4a8cc;75a8138f;b6e717ec;interviewed;2020-07-05 01:50:15;2020-08-13 04:30:10
71cd7a1a;97d6bca5;a8047e7e;transmited;2021-01-11 14:29:30;2021-01-28 15:43:06
36be0987;955bd618;260a4caf;refused_employer;2020-07-28 13:29:54;2020-12-29 11:32:50
34fe1da0;6ace310f;4de3029c;proposed;2020-08-07 12:44:13;2021-03-01 00:22:48
bf2cfbc8;9c0d9f06;0507174d;proposed;2020-05-09 21:34:50;2020-08-13 15:16:29
f836f85b;709c42b3;b6e717ec;proposed;2021-02-09 13:22:48;2021-02-21 12:58:17
1ddbb7da;4e82ef98;9305b469;proposed;2020-06-04 09:08:17;2020-06-24 22:44:24
c1b86227;92e69cac;513c81ec;transmited;2021-03-09 09:49:02;2021-03-19 22:57:20
57bc7f05;f24c5a56;f28b67cf;refused_employer;2020-05-12 18:57:25;2020-05-23 05:36:28
5640e4ab;18d23eef;0ff4a6fc;refused_candidate;2020-07-03 07:24:07;2020-07-15 18:37:28
01e4bda1;d4e2d64b;4720c697;interviewed;2021-03-24 13:02:27;2021-03-26 07:19:23
5a6e47f2;d7393dbe;d457c672;proposed;2020-05-02 19:34:49;2021-01-17 15:29:29
738cb77b;3608ef0c;1705b9ce;transmited;2021-03-13 11:34:07;2021-03-31 07:01:33
d49a97b8;cfa7d026;58175e7c;transmited;2021-01-09 14:08:12;2021-02-20 22:34:45
f9a54f46;53e8c2d8;9f476412;proposed;2020-07-22 19:14:43;2021-01-13 08:59:41
aee6ac0e;ca3284b4;1d69ccba;refused_employer;2020-11-13 19:22:22;2020-11-23 15:13:45
db05fcf2;34a789d8;75559dc1;interviewed;2020-10-31 15:46:51;2021-03-23 12:39:59
d134dff6;25bd6a49;7d53d252;proposed;2021-03-07 23:12:32;2021-04-04 05:55:14
062d02ac;3bb5363a;12e15c9e;proposed;2020-10-30 21:43:22;2021-03-06 01:07:52
f0f89582;f8497bc6;4ff28829;proposed;2020-08-08 02:06:24;2021-02-01 17:06:26
4fcb87d4;70d870a9;ed918fd1;refused_candidate;2020-11-01 00:18:13;2021-03-12 18:33:54
7d935711;e6215917;b6e717ec;refused_candidate;2020-07-01 18:43:06;2020-12-03 01:31:15
5769447b;be84258e;1d69ccba;interviewed;2020-12-01 06:25:58;2020-12-15 03:43:49
cd3f90c1;6efa20f8;889f3076;proposed;2020-04-22 09:31:49;2021-01-05 02:48:07
5176a6d3;46d0f9c5;5343d403;transmited;2021-02-14 04:23:35;2021-04-09 17:43:59
d1a2e1bf;ee1f3a1e;3cdd7d2e;proposed;2021-02-14 11:35:40;2021-04-08 05:51:42
96410f2c;4427bc19;0c036547;transmited;2021-03-06 03:56:47;2021-03-23 15:37:02
e182e21f;9a8d524e;cee81edd;transmited;2021-04-09 17:47:50;2021-04-09 18:06:29
8f45f318;9e0de1fd;8c1939ef;refused_employer;2020-07-31 13:18:58;2020-11-12 19:43:22
11bca2c3;4c5d69eb;e8b80d92;interviewed;2021-04-02 07:46:25;2021-04-08 12:27:18
ebf8aff6;8452e282;889f3076;transmited;2020-08-30 08:14:23;2021-03-04 03:35:47
a5926487;5b5faeac;8c1939ef;proposed;2021-04-08 18:23:49;2021-04-08 19:57:05
8cca4b4a;12f59940;3e0d13c0;refused_employer;2020-12-20 08:11:47;2021-03-29 09:51:36
d8f3dc65;fc3916d8;a8047e7e;proposed;2021-02-24 17:30:58;2021-04-08 23:52:44
ad56973a;a8d47501;7d53d252;proposed;2020-10-26 10:05:37;2020-10-31 19:40:17
b3c23e2c;ed7dd18b;661a3a4b;transmited;2021-02-12 02:24:22;2021-02-22 14:50:41
097a87e5;b0a22dbd;6880f07a;transmited;2021-01-12 17:41:42;2021-02-12 08:01:26
25d35221;fc8471e1;ed918fd1;transmited;2020-08-16 09:44:20;2020-08-26 05:09:46
eeaab5aa;7043992e;34a7372d;proposed;2021-01-30 17:00:06;2021-02-10 10:55:39
03cc0fcd;00abb693;34a7372d;transmited;2021-02-04 10:56:51;2021-04-02 18:07:52
d54223e3;c0501d20;0507174d;interviewed;2020-09-04 06:36:28;2020-09-11 00:20:56
cc01a27a;48a050b7;5343d403;proposed;2020-09-26 12:38:48;2021-02-11 11:57:40
35e34722;8375a6f8;8a2d0f5f;proposed;2020-08-26 16:37:33;2020-09-24 04:25:38
c9270a69;64cc9b3f;889f3076;proposed;2020-07-03 15:05:16;2020-11-24 10:51:27
f000f986;5bc87900;4720c697;interviewed;2020-08-27 22:22:24;2020-10-11 19:24:59
07272ca4;9aa0b625;661a3a4b;hired;2020-11-02 02:30:32;2021-01-18 20:24:42
c3cccac3;e086d998;260a4caf;transmited;2020-11-28 09:53:41;2021-03-26 12:25:18
1caeec00;86a8e635;81ff1196;proposed;2021-03-04 07:40:20;2021-03-31 16:58:14
02a0129c;553edc43;8a2d0f5f;proposed;2020-12-18 19:49:56;2021-01-15 22:38:34
abb75a8a;01a7239c;3e0d13c0;proposed;2021-02-10 14:13:36;2021-02-27 18:41:36
c959e519;ec8b5428;0c036547;proposed;2021-02-14 23:08:49;2021-03-03 12:16:48
bd06b9ac;a61dc8a1;43938375;interviewed;2020-09-23 03:28:45;2021-02-14 01:14:36
0f4c42fc;84800508;84e479cd;proposed;2021-03-10 16:43:48;2021-03-22 15:19:57
a6124715;8b92fb30;1d69ccba;proposed;2021-03-15 19:53:15;2021-04-01 05:54:03
a3c00068;56445256;d83add35;proposed;2020-11-06 05:21:03;2021-03-19 03:32:14
102261cd;4d28aa6c;58a0adf4;interviewed;2021-01-07 21:53:39;2021-03-29 07:09:23
ce01a5f2;44748ca0;6880f07a;refused_candidate;2020-10-13 20:59:18;2021-03-22 22:43:36
0b34c684;76921ee8;d457c672;hired;2020-09-27 06:52:27;2020-12-18 04:55:25
64fff981;78cddf24;4a6218a5;transmited;2020-07-14 06:28:10;2020-09-22 02:54:46
48e8da3c;8729c6f5;58a0adf4;proposed;2021-01-22 15:15:09;2021-04-05 06:14:23
af697b29;46461a6f;58175e7c;interviewed;2020-08-10 21:42:11;2020-11-14 14:50:17
83460c52;36c1846a;7e319459;transmited;2021-02-17 00:57:42;2021-04-04 17:58:04
16cf1f43;9dfb7091;ffcfb194;proposed;2020-05-21 03:38:32;2020-06-09 18:12:58
5429b2d5;957e6992;32f23bcf;proposed;2020-08-21 03:42:38;2021-02-18 03:24:23
d40b0831;4d28aa6c;9b4601fa;proposed;2020-11-10 02:50:00;2021-01-05 14:34:32
5d633150;87e7990e;f1e784fe;transmited;2020-06-28 23:58:48;2021-04-01 06:57:33
4f6757e7;568329f8;b4d98d31;proposed;2020-10-29 20:19:52;2021-03-13 14:27:43
f3ad0344;48cca3fd;267c731c;proposed;2020-12-08 02:42:30;2021-03-24 12:01:49
4f8f916c;bb785712;661a3a4b;interviewed;2020-06-24 23:56:40;2020-10-14 07:33:46
bb4c3ddb;f33035d5;9723e77e;proposed;2021-01-17 20:46:04;2021-01-31 06:24:42
180496da;25bd6a49;6880f07a;refused_candidate;2020-08-28 11:49:16;2020-11-02 08:54:25
f8d56a15;32bcadb2;b328a551;transmited;2020-10-12 04:41:42;2021-03-20 01:42:30
67ef2812;5d3cea4b;513c81ec;proposed;2020-12-22 04:25:37;2021-03-18 07:46:02
64787273;e528faa0;9a610ca7;proposed;2021-02-09 19:12:29;2021-04-08 18:29:20
8346dfcf;3608ef0c;267c731c;transmited;2020-07-20 20:30:30;2021-02-19 17:31:42
c628a6ba;c7e2df8e;bfabb816;proposed;2020-05-31 12:40:56;2021-03-09 07:56:44
b97967d3;d5e72f73;1705b9ce;proposed;2020-11-16 00:53:09;2021-03-10 21:22:53
19fcaa37;3a87004b;185aee09;transmited;2021-03-11 07:41:34;2021-04-09 17:38:56
381b1ec9;c91cf2f9;a85f1c6f;interviewed;2020-08-09 08:02:17;2021-01-02 21:48:50
8f3f5dc7;3d8abf89;88e2b2da;transmited;2020-11-25 09:00:31;2020-12-13 02:07:31
0818c078;52043efd;4ff28829;transmited;2020-07-20 16:22:26;2021-03-31 12:28:11
83169c7b;4e64c64e;02b20fe6;transmited;2020-08-21 19:38:26;2020-09-18 13:33:22
68d6a1b3;7f3e9581;a11e502c;interviewed;2021-04-09 01:38:57;2021-04-09 03:49:48
ee1b6025;890816ac;1705b9ce;transmited;2021-02-15 14:48:46;2021-03-20 18:22:09
3e8a3b10;e086d998;f28b67cf;transmited;2021-03-23 12:43:05;2021-03-29 10:10:27
a6e8d8f7;4e93fff4;31ecdee2;interviewed;2020-09-23 03:11:26;2021-02-10 21:38:00
8e93ba8d;28dd1e55;0c036547;refused_candidate;2021-03-15 09:38:07;2021-03-27 19:39:24
9d583560;b5936a07;3e0d13c0;proposed;2020-07-21 09:59:08;2020-12-08 03:29:10
608851be;d2028ff8;e75f738a;refused_employer;2021-04-09 02:22:25;2021-04-09 14:46:49
f99147af;709c42b3;ca594396;transmited;2020-12-18 11:26:34;2021-02-08 03:54:38
8805de96;773e1a93;3cdd7d2e;proposed;2020-09-26 11:57:19;2021-03-21 02:05:01
95b5d8fc;d5b9ba0d;1801e5b8;refused_candidate;2020-07-16 01:17:50;2021-04-04 01:47:14
35cafa4d;e2e75650;b4d98d31;proposed;2020-11-11 14:10:16;2021-02-15 11:06:39
a86ad5cc;ba9e61bd;d83add35;proposed;2020-07-01 14:39:27;2021-03-14 03:25:02
5ef047ac;f90d7749;32f23bcf;refused_employer;2020-07-24 15:52:31;2020-11-22 13:44:05
2fd32a35;f33035d5;45a8072f;transmited;2021-04-03 15:37:47;2021-04-05 21:27:45
54d3025d;405987c8;3849242a;interviewed;2020-07-25 18:23:36;2020-09-04 18:05:57
d85bf40d;83b951a8;7d53d252;interviewed;2021-02-27 22:59:53;2021-03-23 16:35:32
be2b5e84;6f825f1c;cee81edd;proposed;2021-01-20 17:58:33;2021-03-18 10:51:49
50936a2d;0f1eead4;a85f1c6f;transmited;2021-02-26 18:30:27;2021-03-24 19:41:19
a4d83296;da9fd3df;388b6988;transmited;2020-08-24 09:17:47;2021-03-26 18:12:39
4e946a66;cc29758c;84e479cd;proposed;2021-03-30 06:12:38;2021-04-09 07:47:45
54368504;e8144f5a;661a3a4b;transmited;2021-04-05 00:06:22;2021-04-06 03:33:13
c5903cba;9fa5ba70;e8b80d92;proposed;2020-08-29 05:43:31;2021-02-08 08:17:28
ada12ae0;0f8abf4f;683c8cfb;proposed;2020-11-09 17:03:08;2020-11-12 08:51:42
5a5730a4;e1e9cce0;5652a0a6;hired;2020-07-28 21:36:52;2021-01-16 01:21:52
1494b03d;5b8d80b5;7d53d252;transmited;2021-02-03 22:07:12;2021-03-05 12:21:20
b8743647;5f21a314;88e2b2da;refused_employer;2020-05-20 15:09:04;2020-12-28 14:00:40
b6960550;169490d0;68685894;transmited;2020-12-23 04:24:23;2021-01-01 23:07:56
eac5c17f;1d21acb8;0ce2cf79;proposed;2020-10-25 16:45:58;2021-01-13 05:15:10
25fa428c;e1e9cce0;388b6988;transmited;2020-07-19 02:24:16;2021-03-08 11:55:42
9867c067;c4cc47f8;da2035e3;proposed;2020-07-14 19:54:49;2020-11-28 06:27:30
d1480172;58153f25;f1e784fe;proposed;2020-12-17 17:10:32;2021-01-06 17:42:14
287f83b3;990c3741;683c8cfb;proposed;2021-01-22 15:19:51;2021-01-22 17:15:22
ad06b79d;1816ea2c;185aee09;proposed;2021-03-19 22:02:04;2021-03-26 16:38:48
5480e4b4;ba9e61bd;b8f34014;transmited;2020-05-11 18:45:00;2020-10-25 21:49:15
b2f55117;446f4c7d;b8f34014;proposed;2020-04-17 13:34:42;2021-01-29 02:45:34
27723f90;5982cf83;513c81ec;hired;2020-12-05 15:41:00;2020-12-28 13:10:57
0a558730;fd1de743;0255d702;transmited;2020-07-16 23:34:42;2021-03-09 02:20:09
eaa87c57;26e35a1f;34a7372d;transmited;2020-04-13 00:33:37;2020-08-13 05:43:57
b43a0ee8;fd1de743;0c036547;hired;2020-07-20 17:50:01;2021-02-04 08:35:27
b182de82;12f59940;4720c697;refused_candidate;2020-09-17 16:07:58;2020-11-28 17:20:56
0ef68798;bf2ee52e;5667910a;proposed;2020-12-25 02:50:01;2021-04-06 04:49:00
ab2a30f6;7fe89cb4;ed918fd1;proposed;2020-09-24 20:24:30;2020-09-26 08:10:28
c95ee6b1;7273bdc0;1705b9ce;transmited;2021-02-02 00:43:21;2021-03-01 13:10:08
8c2bbcf5;49e5987c;cee22143;proposed;2020-12-17 04:48:24;2021-03-31 16:44:16
71d619f9;78e9db02;ed918fd1;interviewed;2021-02-01 21:55:32;2021-03-03 17:11:30
c018d772;bcff63fe;6a9c9582;proposed;2020-11-11 01:24:14;2021-02-02 01:13:58
e29b1dd2;6eb08b2e;8155955c;hired;2020-11-19 09:41:27;2021-03-21 21:12:17
5d324036;aff4d748;75559dc1;transmited;2020-12-12 06:43:42;2021-01-25 17:35:39
e8a668ab;3efda529;a11e502c;interviewed;2020-07-09 16:04:27;2021-02-23 23:31:54
27b570cb;d9c7837d;742f334a;proposed;2020-12-28 23:47:36;2021-01-16 00:04:19
4575280d;1d54a0cd;6880f07a;proposed;2020-07-25 05:14:28;2021-01-20 09:17:39
ee9dc6d0;6555d0a7;5d66c4d8;transmited;2020-05-30 15:03:09;2020-05-31 13:00:09
ab8f63bb;d5e72f73;81ff1196;refused_employer;2021-02-09 21:34:07;2021-02-19 12:17:24
f657171b;3608ef0c;5343d403;proposed;2021-03-29 09:16:10;2021-03-31 08:16:07
8b972543;46d0f9c5;260a4caf;proposed;2020-08-22 10:31:51;2021-04-05 15:54:41
7a8a297f;e7fae46b;513578d5;transmited;2020-07-08 20:57:41;2021-02-20 07:12:50
8c1c28d6;aebb78be;9b4601fa;proposed;2020-04-16 23:35:20;2020-08-23 12:19:41
7cd8ded8;97917439;e7450ce8;transmited;2021-01-09 05:48:50;2021-02-26 00:27:20
139faf9d;30ce34e3;4b4320c0;transmited;2021-02-14 12:53:22;2021-03-29 21:49:02
9b628e2c;4a661ed0;1801e5b8;proposed;2020-07-18 17:09:44;2021-02-03 19:41:42
e6282ce3;4c3e3e6d;ae29cf41;refused_employer;2020-11-16 16:15:36;2020-12-06 16:47:25
3706e7a3;2bec4e03;02b20fe6;hired;2021-01-16 15:14:33;2021-01-26 16:50:14
653ee15b;91d879e6;45e1b3c8;interviewed;2020-09-26 04:58:44;2021-03-29 10:28:47
94b6954b;7e346ae4;6c260f71;proposed;2021-01-31 16:28:52;2021-04-06 07:01:29
d4860a5e;f6f406c7;b37737cb;refused_employer;2020-09-19 23:54:37;2020-12-29 11:48:36
8f018974;d436f9d2;7e319459;refused_employer;2020-09-10 11:18:39;2021-04-03 03:11:57
e1f7ae25;48cca3fd;84e479cd;hired;2020-10-29 04:53:28;2020-11-29 00:36:16
debf6d43;bc8460d6;b6e717ec;proposed;2020-12-26 09:34:55;2020-12-29 01:21:09
24df497b;b6eea4a2;f1e784fe;transmited;2020-06-17 21:15:42;2020-11-29 07:52:43
55c1cb34;9315ef74;678b52a5;refused_employer;2020-12-10 18:33:52;2021-02-17 09:35:18
f5e42e98;29cbe073;5667910a;interviewed;2021-01-25 22:12:12;2021-02-12 01:20:37
2128e9bd;b09958d6;661a3a4b;proposed;2021-01-29 22:39:51;2021-03-28 06:21:27
df919498;764870a2;ca594396;transmited;2020-05-17 11:28:03;2020-06-04 17:02:12
145336ae;1993eb96;4a6218a5;proposed;2020-05-11 17:19:24;2021-01-18 08:02:23
1594a009;f1fc8db9;678b52a5;proposed;2021-03-11 12:02:37;2021-03-11 12:45:58
97918bef;4e82ef98;cee22143;proposed;2020-08-02 05:46:15;2021-01-04 13:47:37
1968f53e;c7bf123d;b8f34014;proposed;2021-03-19 03:43:14;2021-04-01 06:34:23
abac5217;56a3c06e;9723e77e;interviewed;2020-05-10 10:02:59;2021-02-05 11:42:04
3ede02f0;e2881f8f;cb4958cb;proposed;2020-04-22 01:41:37;2020-08-27 10:38:27
0aef12e2;3ba989f9;4de3029c;refused_employer;2020-07-20 00:53:10;2021-01-07 13:48:56
09ae0718;83a2242a;0ab42c7d;interviewed;2020-06-05 10:42:41;2020-08-13 17:13:48
1aa8638c;6d0b5ea5;4ff28829;proposed;2020-09-13 09:28:27;2021-01-12 13:06:09
7b80ef47;ca3284b4;cb4958cb;proposed;2020-09-26 09:26:32;2020-09-26 23:39:58
36ead2f1;973b58c7;ed918fd1;interviewed;2020-05-15 01:46:13;2020-10-17 14:21:37
e49c82f8;8fa4a076;5ce8ff31;interviewed;2021-01-05 02:37:17;2021-04-02 03:07:58
0552d14b;3c2c653a;185aee09;transmited;2021-03-25 07:55:05;2021-04-01 03:45:40
9f036d73;8ddb7f2b;7e319459;transmited;2020-11-07 02:56:57;2020-11-23 02:22:14
d3f36fdb;e086d998;e2b1334b;proposed;2021-02-18 19:32:30;2021-03-01 13:00:57
60460338;1763e017;388b6988;transmited;2020-04-17 07:14:05;2020-10-26 10:58:47
f10e7425;bf658a76;513c81ec;transmited;2020-09-21 21:08:01;2020-12-13 18:53:23
730fb361;85207859;d457c672;proposed;2020-05-21 04:40:12;2020-06-19 22:27:15
8caf83c6;959e0758;da2035e3;hired;2020-05-09 19:42:34;2020-11-11 16:14:54
e40730ad;7d48d0e2;c19333cb;hired;2021-01-11 02:02:56;2021-02-15 10:24:58
e4ed13ce;200a4dd1;f1e784fe;proposed;2020-05-16 12:39:25;2021-01-29 20:45:48
2dda0d5f;568329f8;b328a551;transmited;2020-06-09 10:20:40;2020-09-22 03:55:46
9542f02b;eb42a358;0ab42c7d;proposed;2021-01-06 21:03:29;2021-03-14 03:32:57
a27c2ed6;60ae0f31;678b52a5;hired;2020-06-29 06:24:28;2020-08-15 10:15:34
ecc1c2a2;430c5874;a8047e7e;refused_employer;2020-08-17 19:35:44;2020-11-11 02:18:00
04e19fc5;c0501d20;185aee09;proposed;2020-05-30 02:50:09;2020-06-30 22:31:56
b55575d5;aceca898;388b6988;transmited;2021-01-21 00:30:06;2021-03-11 05:54:18
29e1d57e;76230d39;5ce8ff31;transmited;2020-10-29 00:48:18;2021-01-18 08:46:49
a071dca9;11ded50b;4ff28829;transmited;2020-08-07 15:30:10;2021-04-02 02:38:00
ca7c7505;6a16f07d;81ff1196;proposed;2020-06-09 22:32:24;2021-03-22 17:03:26
b9296ba8;a20d468f;02b20fe6;proposed;2020-08-08 19:59:43;2020-12-29 12:11:03
e09daabf;9acaebb4;e75f738a;refused_employer;2020-12-14 14:22:08;2021-01-16 03:48:43
f98920c6;5ce706de;32f23bcf;hired;2021-01-30 01:51:53;2021-03-08 12:41:16
63d3f511;8f2e3683;32f23bcf;interviewed;2021-03-23 07:45:00;2021-04-08 09:34:22
98263316;305e77a8;b6e717ec;interviewed;2020-09-26 06:07:23;2020-10-01 19:18:46
b36b89aa;9e026300;31ecdee2;proposed;2021-02-08 19:47:07;2021-02-28 07:48:00
e9038a11;b0f54570;ffcfb194;transmited;2021-03-15 13:03:09;2021-03-25 23:43:02
44624a94;65535b25;0ff4a6fc;interviewed;2021-03-25 23:29:02;2021-04-04 16:02:34
6fa054db;aa0f6ea9;1705b9ce;proposed;2020-10-30 09:57:08;2021-02-09 16:18:41
fdbccc7a;cd4cff40;cee22143;refused_candidate;2020-06-18 17:43:54;2020-11-05 15:12:29
a2b92d7d;bb510c12;ca594396;transmited;2021-04-09 03:26:44;2021-04-09 09:03:34
d5391d9d;debb6098;58175e7c;hired;2020-05-18 07:48:26;2021-03-19 01:17:30
276d5f95;27e87f0d;75559dc1;transmited;2020-06-13 14:06:27;2021-04-08 11:42:50
60a98484;52190cef;d457c672;transmited;2020-12-31 06:47:09;2021-02-13 03:53:28
d928764c;33428317;45e1b3c8;proposed;2020-11-29 14:15:14;2021-03-28 05:26:09
2985ce4f;67e07243;ffcfb194;proposed;2021-02-24 16:27:53;2021-03-13 03:00:35
f4eae5d5;cc794890;ca594396;interviewed;2020-11-03 07:25:46;2021-02-03 13:27:19
16576e4b;7f3e9581;5ce8ff31;transmited;2020-11-02 05:00:20;2020-12-02 00:15:23
fdb027e0;4427bc19;0ab42c7d;hired;2021-01-29 01:07:52;2021-03-11 07:33:15
c604a299;fecf636d;ae29cf41;transmited;2020-04-19 07:10:09;2020-08-31 23:46:48
2379f666;f0215284;661a3a4b;proposed;2020-09-02 14:38:50;2021-03-07 18:58:22
a96fbc36;1f643c69;43938375;refused_employer;2020-06-22 17:02:28;2020-09-04 20:20:21
73a0bc25;70d870a9;8155955c;transmited;2020-10-24 23:14:37;2020-11-13 05:16:37
65a57cf2;f620ab6b;ae29cf41;proposed;2020-10-29 19:44:19;2020-12-11 12:44:04
bcf0a175;4c3e3e6d;9305b469;hired;2020-12-06 03:11:07;2021-03-11 15:46:56
453b4b11;d62e8471;68685894;interviewed;2020-06-01 13:33:15;2020-11-01 09:31:11
cd28e5d8;d14fbdcd;9723e77e;transmited;2020-06-08 12:20:48;2020-11-28 02:19:41
2df46e3c;0da6664a;0255d702;proposed;2021-01-03 09:30:09;2021-02-24 12:06:56
c16f7dae;f24c5a56;6a9c9582;proposed;2020-04-20 02:57:00;2020-12-07 22:48:17
40a850b1;e206d183;e2b1334b;proposed;2020-11-18 14:38:21;2021-03-08 13:01:51
e39bdf12;be84258e;d457c672;proposed;2020-05-02 04:34:41;2020-09-13 20:51:09
26ca5614;99ce7028;e16fa1bb;transmited;2020-08-29 00:43:05;2021-02-09 02:18:13
0b8a849b;4ee9a3f8;cb4958cb;refused_candidate;2020-06-02 12:22:13;2020-09-30 01:41:22
e10e9da6;d4e2d64b;0ce2cf79;transmited;2020-09-09 17:39:49;2020-11-01 10:58:47
02a975ea;cf87b697;f7e3f1da;refused_candidate;2020-07-22 06:01:09;2021-01-24 16:47:48
c199ff42;f78ea87f;31ecdee2;proposed;2020-11-05 11:58:17;2020-11-19 19:05:55
67ae08f6;2bac3b65;c19333cb;proposed;2021-02-02 16:31:09;2021-02-05 10:38:27
e21b0d1b;4ba2194f;5667910a;hired;2020-06-23 08:57:10;2020-07-04 22:26:43
20ff9a4c;a6cc0be1;d755678b;refused_candidate;2021-03-26 15:41:56;2021-03-29 20:50:44
c463d017;64b22551;4b4320c0;refused_candidate;2020-10-31 02:42:18;2020-12-27 16:55:21
918dee2d;3e24b310;513c81ec;proposed;2020-12-15 01:51:25;2020-12-24 10:45:07
ef2ce6e7;a9389640;d457c672;proposed;2020-11-21 05:50:00;2020-12-23 12:29:51
330aab39;3e35abb4;f28b67cf;interviewed;2020-11-04 22:50:01;2020-11-17 04:32:52
051f765a;3f0c89eb;0c036547;refused_employer;2021-02-15 04:55:57;2021-02-23 06:50:38
02b25427;9d3e0366;b6e717ec;proposed;2020-09-06 05:33:03;2020-12-15 06:39:33
af14cb92;84a7db79;5667910a;interviewed;2021-02-17 10:23:32;2021-03-13 16:57:13
28fb8a9d;3101e630;7e319459;transmited;2020-09-15 18:35:21;2020-09-16 15:28:56
93d5a1d0;52190cef;e16fa1bb;proposed;2021-02-03 06:32:10;2021-03-21 15:20:59
2faeb4d6;f5815d99;4720c697;proposed;2020-12-30 03:56:33;2021-02-05 17:46:42
02677246;cad26540;ed918fd1;proposed;2020-10-30 18:35:48;2020-11-07 03:29:57
b2710302;01688b78;3cdd7d2e;transmited;2020-12-19 10:50:02;2021-01-23 13:51:11
aa700f8f;010137f4;b4d98d31;transmited;2021-01-10 06:10:26;2021-04-04 18:11:21
bd1ca9b7;5623f739;8a2d0f5f;hired;2020-07-25 04:39:38;2021-02-18 13:42:25
3b395bbb;6da8dfbb;f7e3f1da;transmited;2020-10-09 13:07:48;2021-03-24 13:54:19
3ee97ca4;3fa4f883;6c260f71;refused_candidate;2020-05-12 19:49:25;2021-01-19 08:39:21
c0f5f384;1d54a0cd;88e2b2da;interviewed;2021-01-23 10:53:04;2021-03-25 02:25:32
1d63ee07;e4d0b01b;678b52a5;proposed;2020-08-15 22:35:35;2020-08-30 05:41:05
c792ea0f;e02ac2e9;bfabb816;refused_employer;2020-05-31 04:41:51;2020-07-28 17:15:36
36d81831;f73c29b5;cee81edd;refused_employer;2020-09-04 15:15:49;2020-11-12 01:55:49
9d89cceb;bf67761c;513578d5;proposed;2020-07-20 07:36:51;2020-08-02 09:35:04
1f8cd9e0;99ce7028;b4d98d31;proposed;2020-09-02 07:23:26;2020-09-15 01:43:42
aff636c8;17516a50;75559dc1;transmited;2020-12-13 22:16:59;2021-03-11 14:26:54
2953ea49;02b5b259;9305b469;proposed;2020-11-11 05:27:28;2020-11-24 23:45:07
